stimulus_items,condition,allocations,median_latency,min_latency,max_latency,median_l1d_refill,min_l1d_refill,max_l1d_refill,median_tlb_refill,min_tlb_refill,max_tlb_refill,median_ll_miss,min_ll_miss,max_ll_miss,median_l1d_refill_events_per_window,min_l1d_refill_events_per_window,max_l1d_refill_events_per_window,median_tlb_refill_events_per_window,min_tlb_refill_events_per_window,max_tlb_refill_events_per_window,median_ll_miss_events_per_window,min_ll_miss_events_per_window,max_ll_miss_events_per_window
0,same_candidate,5,27.0,27.0,27.0,0.2,0.0,0.5,0.0,0.0,0.0,0.0,0.0,0.1,0.002,0.0,0.005,0.0,0.0,0.0,0.0,0.0,0.001
0,same_baseline,5,28.0,28.0,29.0,0.2,0.0,0.3,0.0,0.0,0.0,0.1,0.1,0.2,0.002,0.0,0.003,0.0,0.0,0.0,0.001,0.001,0.002
0,cross_candidate,5,27.0,27.0,27.0,1.0,0.3,2.8,0.0,0.0,0.0,0.0,0.0,0.1,0.01,0.003,0.028,0.0,0.0,0.0,0.0,0.0,0.001
0,cross_baseline,5,27.0,27.0,27.0,1.7,0.7,2.6,0.0,0.0,0.0,0.1,0.0,0.2,0.017,0.007,0.026,0.0,0.0,0.0,0.001,0.0,0.006
3,same_candidate,5,60.0,60.0,60.0,97.2,97.0,97.8,0.0,0.0,0.0,0.2,0.1,0.3,0.977,0.971,0.991,0.0,0.0,0.0,0.002,0.001,0.003
3,same_baseline,5,32.0,30.0,32.0,0.7,0.0,2.0,0.0,0.0,0.0,0.1,0.1,0.2,0.007,0.0,0.02,0.0,0.0,0.0,0.001,0.001,0.002
3,cross_candidate,5,27.0,27.0,28.0,3.8,1.7,4.7,0.0,0.0,0.0,0.1,0.0,0.5,0.038,0.017,0.047,0.0,0.0,0.0,0.003,0.0,0.006
3,cross_baseline,5,28.0,27.0,28.0,5.5,3.6,6.6,0.0,0.0,0.0,0.0,0.0,0.1,0.055,0.036,0.066,0.0,0.0,0.0,0.0,0.0,0.001
5,same_candidate,5,55.0,54.0,59.0,97.4,96.4,97.9,0.0,0.0,0.0,3.0,2.9,4.6,0.977,0.972,1.021,0.0,0.0,0.0,0.03,0.029,0.046
5,same_baseline,5,38.0,38.0,38.0,0.7,0.2,3.3,0.0,0.0,0.0,0.1,0.0,0.2,0.007,0.002,0.033,0.0,0.0,0.0,0.001,0.0,0.002
5,cross_candidate,5,29.0,28.0,29.0,9.6,4.5,11.8,0.0,0.0,0.0,0.0,0.0,0.3,0.096,0.045,0.118,0.0,0.0,0.0,0.0,0.0,0.004
5,cross_baseline,5,30.0,30.0,31.0,14.0,7.1,14.8,0.0,0.0,0.0,0.1,0.0,0.2,0.14,0.071,0.148,0.0,0.0,0.0,0.002,0.0,0.003
6,same_candidate,5,171.0,166.0,179.0,96.7,96.6,97.6,0.0,0.0,0.0,58.3,57.2,61.0,0.977,0.967,0.993,0.0,0.0,0.0,0.583,0.573,0.61
6,same_baseline,5,39.0,39.0,40.0,0.2,0.0,3.5,0.0,0.0,0.0,0.1,0.0,0.3,0.002,0.0,0.035,0.0,0.0,0.0,0.001,0.0,0.003
6,cross_candidate,5,29.0,29.0,30.0,11.6,7.2,15.6,0.0,0.0,0.0,0.1,0.0,0.4,0.116,0.072,0.156,0.0,0.0,0.0,0.001,0.0,0.005
6,cross_baseline,5,30.0,29.0,30.0,15.9,7.0,16.6,0.0,0.0,0.0,0.0,0.0,0.2,0.159,0.07,0.166,0.0,0.0,0.0,0.0,0.0,0.004
7,same_candidate,5,258.0,254.0,265.0,100.0,100.0,100.0,0.0,0.0,0.0,99.9,99.9,100.0,1.007,1.003,1.054,0.0,0.0,0.0,1.0,0.999,1.0
7,same_baseline,5,41.0,40.0,41.0,0.6,0.2,4.7,0.0,0.0,0.0,0.1,0.1,0.2,0.006,0.002,0.047,0.0,0.0,0.0,0.001,0.001,0.002
7,cross_candidate,5,29.0,29.0,30.0,13.9,6.5,22.4,0.0,0.0,0.0,0.1,0.0,0.4,0.139,0.065,0.224,0.0,0.0,0.0,0.003,0.0,0.004
7,cross_baseline,5,31.0,31.0,32.0,19.7,9.7,25.8,0.0,0.0,0.0,0.0,0.0,0.4,0.197,0.097,0.258,0.0,0.0,0.0,0.0,0.0,0.004
11,same_candidate,5,250.0,249.0,255.0,87.6,87.2,94.9,0.0,0.0,0.0,85.7,84.2,87.5,0.902,0.887,1.291,0.0,0.0,0.0,0.857,0.844,0.878
11,same_baseline,5,50.0,50.0,50.0,0.9,0.5,10.6,0.0,0.0,0.0,0.1,0.1,0.7,0.009,0.005,0.106,0.0,0.0,0.0,0.002,0.001,0.007
11,cross_candidate,5,32.0,32.0,41.0,30.7,14.8,44.0,0.0,0.0,0.0,0.1,0.0,3.5,0.307,0.148,0.44,0.0,0.0,0.0,0.004,0.0,0.038
11,cross_baseline,5,42.0,42.0,42.0,44.4,25.7,66.3,0.0,0.0,0.0,0.2,0.0,0.3,0.444,0.257,0.663,0.0,0.0,0.0,0.002,0.0,0.004
12,same_candidate,5,288.0,274.0,299.0,95.8,93.5,98.3,100.0,100.0,100.0,92.7,92.0,96.6,1.002,0.952,1.335,1.508,1.167,1.667,0.933,0.926,0.972
12,same_baseline,5,55.0,55.0,63.0,1.1,0.8,12.3,100.0,100.0,100.0,0.2,0.1,1.0,0.011,0.008,0.123,1.484,1.43,1.573,0.002,0.001,0.01
12,cross_candidate,5,32.0,31.0,38.0,33.1,15.5,44.6,0.0,0.0,0.0,0.0,0.0,2.4,0.331,0.155,0.446,0.0,0.0,0.0,0.0,0.0,0.024
12,cross_baseline,5,42.0,41.0,43.0,45.2,27.0,65.2,0.0,0.0,0.0,0.1,0.1,0.3,0.452,0.27,0.652,0.0,0.0,0.0,0.002,0.002,0.003
13,same_candidate,5,345.0,328.0,351.0,99.4,99.2,99.5,100.0,100.0,100.0,99.0,98.6,99.3,1.033,1.008,1.38,2.053,2.039,2.059,0.998,0.993,1.034
13,same_baseline,5,69.0,62.0,86.0,1.0,0.5,11.5,100.0,100.0,100.0,0.4,0.2,4.1,0.01,0.005,0.115,2.064,2.043,2.166,0.004,0.002,0.041
13,cross_candidate,5,33.0,32.0,55.0,36.1,17.1,42.6,0.0,0.0,0.0,0.2,0.0,9.3,0.361,0.172,0.465,0.0,0.0,0.0,0.002,0.0,0.093
13,cross_baseline,5,42.0,42.0,43.0,41.9,26.3,67.7,0.0,0.0,0.0,0.2,0.1,0.4,0.419,0.263,0.677,0.0,0.0,0.0,0.004,0.003,0.007
16,same_candidate,5,355.0,349.0,449.0,100.0,100.0,100.0,100.0,100.0,100.0,99.8,99.5,99.9,1.05,1.029,1.447,2.0,2.0,2.0,1.006,0.998,1.471
16,same_baseline,5,87.0,79.0,186.0,3.3,1.6,35.6,100.0,100.0,100.0,1.5,0.1,47.9,0.033,0.016,0.356,2.0,2.0,2.0,0.015,0.001,0.484
16,cross_candidate,5,291.0,281.0,296.0,98.6,97.1,99.8,0.0,0.0,0.0,96.9,96.0,99.1,1.378,1.2,1.587,0.0,0.0,0.0,0.97,0.961,0.991
16,cross_baseline,5,44.0,42.0,45.0,42.3,24.3,65.0,0.0,0.0,0.0,0.1,0.1,0.3,0.423,0.243,0.65,0.0,0.0,0.0,0.004,0.001,0.005
20,same_candidate,5,545.0,360.0,582.0,100.0,100.0,100.0,100.0,100.0,100.0,100.0,99.6,100.0,1.406,1.055,1.453,2.0,2.0,2.0,1.848,0.998,2.0
20,same_baseline,5,282.0,85.0,313.0,37.1,4.0,48.8,100.0,100.0,100.0,84.8,0.7,99.5,0.371,0.04,0.49,2.0,2.0,2.0,0.853,0.01,0.996
20,cross_candidate,5,301.0,295.0,304.0,100.0,99.3,100.0,0.0,0.0,0.1,99.7,99.0,100.0,1.487,1.233,1.589,0.0,0.0,0.003,0.998,0.99,1.0
20,cross_baseline,5,45.0,44.0,46.0,52.2,29.5,69.2,0.0,0.0,0.0,0.2,0.1,0.3,0.522,0.295,0.692,0.0,0.0,0.0,0.006,0.005,0.007
