bit,stimulus_items,variant,median_mean_cycles,min_mean_cycles,max_mean_cycles,passes
0,0,cross_original_matching,27.0,27.0,28.0,5
0,0,cross_probe_only_flipped,29.0,29.0,30.0,5
0,0,same_original_matching,29.0,28.0,31.0,5
0,0,same_probe_only_flipped,29.0,29.0,30.0,5
0,1,cross_original_matching,28.0,27.0,28.0,5
0,1,cross_probe_only_flipped,29.0,29.0,29.0,5
0,1,same_original_matching,29.0,29.0,30.0,5
0,1,same_probe_only_flipped,30.0,30.0,31.0,5
0,2,cross_original_matching,27.0,27.0,28.0,5
0,2,cross_probe_only_flipped,29.0,29.0,30.0,5
0,2,same_original_matching,30.0,28.0,32.0,5
0,2,same_probe_only_flipped,48.0,46.0,49.0,5
0,3,cross_original_matching,28.0,27.0,29.0,5
0,3,cross_probe_only_flipped,29.0,29.0,30.0,5
0,3,same_original_matching,48.0,47.0,51.0,5
0,3,same_probe_only_flipped,57.0,54.0,60.0,5
0,4,cross_original_matching,27.0,27.0,28.0,5
0,4,cross_probe_only_flipped,29.0,29.0,30.0,5
0,4,same_original_matching,50.0,48.0,53.0,5
0,4,same_probe_only_flipped,59.0,57.0,65.0,5
0,5,cross_original_matching,28.0,27.0,29.0,5
0,5,cross_probe_only_flipped,29.0,29.0,35.0,5
0,5,same_original_matching,54.0,51.0,60.0,5
0,5,same_probe_only_flipped,62.0,56.0,95.0,5
0,6,cross_original_matching,29.0,28.0,29.0,5
0,6,cross_probe_only_flipped,30.0,29.0,30.0,5
0,6,same_original_matching,73.0,66.0,91.0,5
0,6,same_probe_only_flipped,148.0,137.0,157.0,5
0,7,cross_original_matching,31.0,27.0,37.0,5
0,7,cross_probe_only_flipped,32.0,29.0,40.0,5
0,7,same_original_matching,272.0,259.0,286.0,5
0,7,same_probe_only_flipped,254.0,245.0,271.0,5
0,8,cross_original_matching,33.0,29.0,47.0,5
0,8,cross_probe_only_flipped,33.0,30.0,50.0,5
0,8,same_original_matching,285.0,266.0,291.0,5
0,8,same_probe_only_flipped,292.0,281.0,311.0,5
0,9,cross_original_matching,45.0,32.0,58.0,5
0,9,cross_probe_only_flipped,42.0,33.0,72.0,5
0,9,same_original_matching,280.0,272.0,312.0,5
0,9,same_probe_only_flipped,298.0,269.0,309.0,5
0,10,cross_original_matching,51.0,40.0,96.0,5
0,10,cross_probe_only_flipped,50.0,41.0,83.0,5
0,10,same_original_matching,295.0,277.0,304.0,5
0,10,same_probe_only_flipped,299.0,288.0,320.0,5
0,11,cross_original_matching,60.0,33.0,107.0,5
0,11,cross_probe_only_flipped,65.0,36.0,101.0,5
0,11,same_original_matching,279.0,273.0,289.0,5
0,11,same_probe_only_flipped,300.0,289.0,305.0,5
0,12,cross_original_matching,67.0,35.0,103.0,5
0,12,cross_probe_only_flipped,79.0,47.0,105.0,5
0,12,same_original_matching,299.0,282.0,339.0,5
0,12,same_probe_only_flipped,329.0,309.0,338.0,5
0,13,cross_original_matching,60.0,45.0,100.0,5
0,13,cross_probe_only_flipped,62.0,47.0,97.0,5
0,13,same_original_matching,337.0,328.0,364.0,5
0,13,same_probe_only_flipped,351.0,331.0,357.0,5
0,14,cross_original_matching,182.0,128.0,242.0,5
0,14,cross_probe_only_flipped,188.0,109.0,249.0,5
0,14,same_original_matching,360.0,326.0,401.0,5
0,14,same_probe_only_flipped,350.0,343.0,384.0,5
0,15,cross_original_matching,262.0,214.0,277.0,5
0,15,cross_probe_only_flipped,233.0,176.0,278.0,5
0,15,same_original_matching,352.0,342.0,440.0,5
0,15,same_probe_only_flipped,384.0,345.0,430.0,5
0,16,cross_original_matching,298.0,269.0,310.0,5
0,16,cross_probe_only_flipped,295.0,290.0,299.0,5
0,16,same_original_matching,383.0,350.0,446.0,5
0,16,same_probe_only_flipped,372.0,354.0,393.0,5
0,17,cross_original_matching,304.0,299.0,311.0,5
0,17,cross_probe_only_flipped,296.0,284.0,313.0,5
0,17,same_original_matching,370.0,355.0,516.0,5
0,17,same_probe_only_flipped,363.0,359.0,490.0,5
0,18,cross_original_matching,298.0,283.0,323.0,5
0,18,cross_probe_only_flipped,296.0,285.0,317.0,5
0,18,same_original_matching,483.0,407.0,537.0,5
0,18,same_probe_only_flipped,486.0,426.0,562.0,5
0,19,cross_original_matching,307.0,286.0,321.0,5
0,19,cross_probe_only_flipped,303.0,287.0,310.0,5
0,19,same_original_matching,526.0,442.0,548.0,5
0,19,same_probe_only_flipped,548.0,445.0,578.0,5
0,20,cross_original_matching,306.0,298.0,319.0,5
0,20,cross_probe_only_flipped,313.0,288.0,324.0,5
0,20,same_original_matching,527.0,514.0,570.0,5
0,20,same_probe_only_flipped,543.0,505.0,577.0,5
1,0,cross_original_matching,27.0,27.0,27.0,5
1,0,cross_probe_only_flipped,29.0,29.0,29.0,5
1,0,same_original_matching,28.0,27.0,29.0,5
1,0,same_probe_only_flipped,29.0,29.0,31.0,5
1,1,cross_original_matching,27.0,27.0,27.0,5
1,1,cross_probe_only_flipped,29.0,29.0,30.0,5
1,1,same_original_matching,30.0,30.0,32.0,5
1,1,same_probe_only_flipped,29.0,29.0,31.0,5
1,2,cross_original_matching,27.0,27.0,27.0,5
1,2,cross_probe_only_flipped,29.0,29.0,29.0,5
1,2,same_original_matching,29.0,28.0,30.0,5
1,2,same_probe_only_flipped,50.0,46.0,50.0,5
1,3,cross_original_matching,27.0,27.0,27.0,5
1,3,cross_probe_only_flipped,29.0,29.0,30.0,5
1,3,same_original_matching,48.0,47.0,48.0,5
1,3,same_probe_only_flipped,55.0,53.0,59.0,5
1,4,cross_original_matching,27.0,27.0,27.0,5
1,4,cross_probe_only_flipped,29.0,29.0,30.0,5
1,4,same_original_matching,53.0,49.0,55.0,5
1,4,same_probe_only_flipped,58.0,56.0,196.0,5
1,5,cross_original_matching,27.0,27.0,30.0,5
1,5,cross_probe_only_flipped,29.0,29.0,30.0,5
1,5,same_original_matching,55.0,50.0,60.0,5
1,5,same_probe_only_flipped,65.0,52.0,97.0,5
1,6,cross_original_matching,28.0,27.0,29.0,5
1,6,cross_probe_only_flipped,30.0,30.0,31.0,5
1,6,same_original_matching,77.0,68.0,96.0,5
1,6,same_probe_only_flipped,144.0,128.0,177.0,5
1,7,cross_original_matching,29.0,27.0,45.0,5
1,7,cross_probe_only_flipped,33.0,29.0,37.0,5
1,7,same_original_matching,272.0,248.0,291.0,5
1,7,same_probe_only_flipped,259.0,251.0,283.0,5
1,8,cross_original_matching,37.0,28.0,48.0,5
1,8,cross_probe_only_flipped,34.0,30.0,50.0,5
1,8,same_original_matching,285.0,262.0,304.0,5
1,8,same_probe_only_flipped,294.0,279.0,301.0,5
1,9,cross_original_matching,52.0,32.0,75.0,5
1,9,cross_probe_only_flipped,46.0,34.0,79.0,5
1,9,same_original_matching,280.0,268.0,295.0,5
1,9,same_probe_only_flipped,288.0,276.0,311.0,5
1,10,cross_original_matching,52.0,36.0,97.0,5
1,10,cross_probe_only_flipped,50.0,37.0,98.0,5
1,10,same_original_matching,284.0,275.0,301.0,5
1,10,same_probe_only_flipped,293.0,286.0,321.0,5
1,11,cross_original_matching,60.0,45.0,98.0,5
1,11,cross_probe_only_flipped,48.0,39.0,95.0,5
1,11,same_original_matching,279.0,264.0,282.0,5
1,11,same_probe_only_flipped,293.0,271.0,295.0,5
1,12,cross_original_matching,72.0,33.0,104.0,5
1,12,cross_probe_only_flipped,58.0,33.0,113.0,5
1,12,same_original_matching,307.0,289.0,318.0,5
1,12,same_probe_only_flipped,323.0,316.0,327.0,5
1,13,cross_original_matching,80.0,54.0,117.0,5
1,13,cross_probe_only_flipped,68.0,59.0,82.0,5
1,13,same_original_matching,350.0,319.0,359.0,5
1,13,same_probe_only_flipped,350.0,316.0,361.0,5
1,14,cross_original_matching,177.0,132.0,251.0,5
1,14,cross_probe_only_flipped,203.0,114.0,247.0,5
1,14,same_original_matching,353.0,324.0,365.0,5
1,14,same_probe_only_flipped,359.0,339.0,378.0,5
1,15,cross_original_matching,222.0,185.0,263.0,5
1,15,cross_probe_only_flipped,234.0,212.0,268.0,5
1,15,same_original_matching,376.0,327.0,432.0,5
1,15,same_probe_only_flipped,381.0,356.0,440.0,5
1,16,cross_original_matching,297.0,285.0,301.0,5
1,16,cross_probe_only_flipped,299.0,282.0,320.0,5
1,16,same_original_matching,367.0,344.0,422.0,5
1,16,same_probe_only_flipped,375.0,361.0,418.0,5
1,17,cross_original_matching,300.0,279.0,305.0,5
1,17,cross_probe_only_flipped,289.0,267.0,320.0,5
1,17,same_original_matching,390.0,341.0,484.0,5
1,17,same_probe_only_flipped,380.0,359.0,462.0,5
1,18,cross_original_matching,290.0,289.0,304.0,5
1,18,cross_probe_only_flipped,305.0,295.0,320.0,5
1,18,same_original_matching,521.0,372.0,559.0,5
1,18,same_probe_only_flipped,487.0,382.0,517.0,5
1,19,cross_original_matching,311.0,297.0,342.0,5
1,19,cross_probe_only_flipped,311.0,290.0,321.0,5
1,19,same_original_matching,514.0,383.0,535.0,5
1,19,same_probe_only_flipped,540.0,365.0,552.0,5
1,20,cross_original_matching,302.0,285.0,332.0,5
1,20,cross_probe_only_flipped,295.0,280.0,312.0,5
1,20,same_original_matching,515.0,494.0,546.0,5
1,20,same_probe_only_flipped,533.0,527.0,565.0,5
2,0,cross_original_matching,27.0,27.0,29.0,5
2,0,cross_probe_only_flipped,29.0,29.0,29.0,5
2,0,same_original_matching,29.0,27.0,32.0,5
2,0,same_probe_only_flipped,29.0,29.0,30.0,5
2,1,cross_original_matching,27.0,27.0,28.0,5
2,1,cross_probe_only_flipped,29.0,29.0,29.0,5
2,1,same_original_matching,29.0,29.0,31.0,5
2,1,same_probe_only_flipped,30.0,29.0,31.0,5
2,2,cross_original_matching,27.0,27.0,27.0,5
2,2,cross_probe_only_flipped,29.0,29.0,29.0,5
2,2,same_original_matching,30.0,29.0,39.0,5
2,2,same_probe_only_flipped,47.0,45.0,50.0,5
2,3,cross_original_matching,27.0,27.0,28.0,5
2,3,cross_probe_only_flipped,29.0,29.0,29.0,5
2,3,same_original_matching,48.0,47.0,49.0,5
2,3,same_probe_only_flipped,58.0,53.0,59.0,5
2,4,cross_original_matching,28.0,27.0,28.0,5
2,4,cross_probe_only_flipped,29.0,29.0,30.0,5
2,4,same_original_matching,51.0,49.0,59.0,5
2,4,same_probe_only_flipped,58.0,56.0,64.0,5
2,5,cross_original_matching,28.0,27.0,29.0,5
2,5,cross_probe_only_flipped,29.0,29.0,30.0,5
2,5,same_original_matching,53.0,50.0,59.0,5
2,5,same_probe_only_flipped,70.0,53.0,91.0,5
2,6,cross_original_matching,29.0,27.0,30.0,5
2,6,cross_probe_only_flipped,30.0,30.0,31.0,5
2,6,same_original_matching,87.0,63.0,101.0,5
2,6,same_probe_only_flipped,145.0,117.0,166.0,5
2,7,cross_original_matching,34.0,28.0,37.0,5
2,7,cross_probe_only_flipped,35.0,29.0,36.0,5
2,7,same_original_matching,259.0,253.0,274.0,5
2,7,same_probe_only_flipped,253.0,250.0,265.0,5
2,8,cross_original_matching,30.0,30.0,46.0,5
2,8,cross_probe_only_flipped,32.0,30.0,61.0,5
2,8,same_original_matching,286.0,283.0,301.0,5
2,8,same_probe_only_flipped,290.0,285.0,297.0,5
2,9,cross_original_matching,47.0,41.0,69.0,5
2,9,cross_probe_only_flipped,46.0,36.0,84.0,5
2,9,same_original_matching,284.0,277.0,301.0,5
2,9,same_probe_only_flipped,282.0,275.0,295.0,5
2,10,cross_original_matching,49.0,34.0,87.0,5
2,10,cross_probe_only_flipped,51.0,38.0,95.0,5
2,10,same_original_matching,285.0,270.0,292.0,5
2,10,same_probe_only_flipped,281.0,268.0,312.0,5
2,11,cross_original_matching,53.0,48.0,108.0,5
2,11,cross_probe_only_flipped,54.0,41.0,113.0,5
2,11,same_original_matching,281.0,277.0,292.0,5
2,11,same_probe_only_flipped,286.0,276.0,297.0,5
2,12,cross_original_matching,67.0,37.0,110.0,5
2,12,cross_probe_only_flipped,65.0,36.0,103.0,5
2,12,same_original_matching,292.0,285.0,311.0,5
2,12,same_probe_only_flipped,317.0,303.0,348.0,5
2,13,cross_original_matching,69.0,59.0,107.0,5
2,13,cross_probe_only_flipped,70.0,48.0,82.0,5
2,13,same_original_matching,337.0,334.0,351.0,5
2,13,same_probe_only_flipped,341.0,336.0,367.0,5
2,14,cross_original_matching,207.0,120.0,265.0,5
2,14,cross_probe_only_flipped,165.0,110.0,269.0,5
2,14,same_original_matching,348.0,330.0,368.0,5
2,14,same_probe_only_flipped,357.0,344.0,366.0,5
2,15,cross_original_matching,217.0,179.0,261.0,5
2,15,cross_probe_only_flipped,237.0,201.0,271.0,5
2,15,same_original_matching,374.0,345.0,447.0,5
2,15,same_probe_only_flipped,372.0,338.0,426.0,5
2,16,cross_original_matching,277.0,276.0,289.0,5
2,16,cross_probe_only_flipped,300.0,279.0,323.0,5
2,16,same_original_matching,351.0,337.0,399.0,5
2,16,same_probe_only_flipped,373.0,350.0,404.0,5
2,17,cross_original_matching,294.0,290.0,318.0,5
2,17,cross_probe_only_flipped,294.0,288.0,307.0,5
2,17,same_original_matching,423.0,336.0,468.0,5
2,17,same_probe_only_flipped,391.0,337.0,449.0,5
2,18,cross_original_matching,294.0,267.0,317.0,5
2,18,cross_probe_only_flipped,301.0,275.0,307.0,5
2,18,same_original_matching,489.0,408.0,556.0,5
2,18,same_probe_only_flipped,508.0,402.0,561.0,5
2,19,cross_original_matching,298.0,289.0,314.0,5
2,19,cross_probe_only_flipped,307.0,295.0,320.0,5
2,19,same_original_matching,530.0,439.0,558.0,5
2,19,same_probe_only_flipped,524.0,430.0,600.0,5
2,20,cross_original_matching,302.0,291.0,319.0,5
2,20,cross_probe_only_flipped,307.0,295.0,319.0,5
2,20,same_original_matching,542.0,513.0,548.0,5
2,20,same_probe_only_flipped,543.0,523.0,551.0,5
3,0,cross_original_matching,27.0,27.0,30.0,5
3,0,cross_probe_only_flipped,27.0,27.0,28.0,5
3,0,same_original_matching,27.0,27.0,29.0,5
3,0,same_probe_only_flipped,27.0,27.0,28.0,5
3,1,cross_original_matching,27.0,27.0,30.0,5
3,1,cross_probe_only_flipped,27.0,27.0,28.0,5
3,1,same_original_matching,29.0,28.0,31.0,5
3,1,same_probe_only_flipped,27.0,27.0,28.0,5
3,2,cross_original_matching,27.0,27.0,28.0,5
3,2,cross_probe_only_flipped,27.0,27.0,28.0,5
3,2,same_original_matching,30.0,29.0,51.0,5
3,2,same_probe_only_flipped,47.0,43.0,48.0,5
3,3,cross_original_matching,27.0,27.0,27.0,5
3,3,cross_probe_only_flipped,27.0,27.0,27.0,5
3,3,same_original_matching,49.0,47.0,50.0,5
3,3,same_probe_only_flipped,52.0,52.0,54.0,5
3,4,cross_original_matching,27.0,27.0,27.0,5
3,4,cross_probe_only_flipped,27.0,27.0,28.0,5
3,4,same_original_matching,51.0,49.0,55.0,5
3,4,same_probe_only_flipped,62.0,54.0,66.0,5
3,5,cross_original_matching,27.0,27.0,28.0,5
3,5,cross_probe_only_flipped,27.0,27.0,28.0,5
3,5,same_original_matching,52.0,50.0,66.0,5
3,5,same_probe_only_flipped,63.0,58.0,83.0,5
3,6,cross_original_matching,28.0,27.0,29.0,5
3,6,cross_probe_only_flipped,29.0,27.0,30.0,5
3,6,same_original_matching,68.0,63.0,98.0,5
3,6,same_probe_only_flipped,142.0,131.0,152.0,5
3,7,cross_original_matching,33.0,27.0,35.0,5
3,7,cross_probe_only_flipped,29.0,27.0,38.0,5
3,7,same_original_matching,270.0,243.0,284.0,5
3,7,same_probe_only_flipped,256.0,241.0,264.0,5
3,8,cross_original_matching,38.0,31.0,44.0,5
3,8,cross_probe_only_flipped,38.0,27.0,47.0,5
3,8,same_original_matching,286.0,258.0,288.0,5
3,8,same_probe_only_flipped,288.0,270.0,296.0,5
3,9,cross_original_matching,47.0,33.0,76.0,5
3,9,cross_probe_only_flipped,33.0,31.0,85.0,5
3,9,same_original_matching,282.0,266.0,298.0,5
3,9,same_probe_only_flipped,282.0,273.0,293.0,5
3,10,cross_original_matching,50.0,36.0,98.0,5
3,10,cross_probe_only_flipped,62.0,31.0,79.0,5
3,10,same_original_matching,290.0,265.0,299.0,5
3,10,same_probe_only_flipped,285.0,276.0,308.0,5
3,11,cross_original_matching,57.0,33.0,113.0,5
3,11,cross_probe_only_flipped,63.0,31.0,100.0,5
3,11,same_original_matching,284.0,280.0,288.0,5
3,11,same_probe_only_flipped,299.0,270.0,303.0,5
3,12,cross_original_matching,76.0,45.0,117.0,5
3,12,cross_probe_only_flipped,66.0,35.0,87.0,5
3,12,same_original_matching,307.0,289.0,329.0,5
3,12,same_probe_only_flipped,313.0,299.0,343.0,5
3,13,cross_original_matching,60.0,45.0,138.0,5
3,13,cross_probe_only_flipped,61.0,36.0,115.0,5
3,13,same_original_matching,336.0,336.0,348.0,5
3,13,same_probe_only_flipped,354.0,335.0,373.0,5
3,14,cross_original_matching,176.0,108.0,260.0,5
3,14,cross_probe_only_flipped,203.0,132.0,240.0,5
3,14,same_original_matching,350.0,337.0,392.0,5
3,14,same_probe_only_flipped,353.0,329.0,366.0,5
3,15,cross_original_matching,240.0,215.0,269.0,5
3,15,cross_probe_only_flipped,250.0,189.0,261.0,5
3,15,same_original_matching,368.0,329.0,443.0,5
3,15,same_probe_only_flipped,337.0,319.0,400.0,5
3,16,cross_original_matching,282.0,268.0,315.0,5
3,16,cross_probe_only_flipped,295.0,291.0,306.0,5
3,16,same_original_matching,375.0,335.0,441.0,5
3,16,same_probe_only_flipped,342.0,330.0,383.0,5
3,17,cross_original_matching,311.0,274.0,331.0,5
3,17,cross_probe_only_flipped,288.0,278.0,305.0,5
3,17,same_original_matching,381.0,354.0,491.0,5
3,17,same_probe_only_flipped,356.0,336.0,463.0,5
3,18,cross_original_matching,290.0,284.0,297.0,5
3,18,cross_probe_only_flipped,288.0,284.0,299.0,5
3,18,same_original_matching,506.0,399.0,558.0,5
3,18,same_probe_only_flipped,477.0,400.0,493.0,5
3,19,cross_original_matching,302.0,290.0,303.0,5
3,19,cross_probe_only_flipped,296.0,281.0,315.0,5
3,19,same_original_matching,527.0,415.0,533.0,5
3,19,same_probe_only_flipped,517.0,383.0,520.0,5
3,20,cross_original_matching,298.0,281.0,305.0,5
3,20,cross_probe_only_flipped,301.0,292.0,319.0,5
3,20,same_original_matching,540.0,507.0,556.0,5
3,20,same_probe_only_flipped,495.0,487.0,512.0,5
4,0,cross_original_matching,27.0,27.0,28.0,5
4,0,cross_probe_only_flipped,27.0,27.0,27.0,5
4,0,same_original_matching,28.0,28.0,31.0,5
4,0,same_probe_only_flipped,27.0,27.0,27.0,5
4,1,cross_original_matching,27.0,27.0,27.0,5
4,1,cross_probe_only_flipped,27.0,27.0,28.0,5
4,1,same_original_matching,29.0,28.0,30.0,5
4,1,same_probe_only_flipped,27.0,27.0,30.0,5
4,2,cross_original_matching,27.0,27.0,27.0,5
4,2,cross_probe_only_flipped,27.0,27.0,28.0,5
4,2,same_original_matching,32.0,28.0,36.0,5
4,2,same_probe_only_flipped,46.0,43.0,49.0,5
4,3,cross_original_matching,27.0,27.0,28.0,5
4,3,cross_probe_only_flipped,27.0,27.0,27.0,5
4,3,same_original_matching,48.0,48.0,49.0,5
4,3,same_probe_only_flipped,54.0,53.0,56.0,5
4,4,cross_original_matching,27.0,27.0,27.0,5
4,4,cross_probe_only_flipped,28.0,27.0,28.0,5
4,4,same_original_matching,50.0,48.0,55.0,5
4,4,same_probe_only_flipped,55.0,53.0,57.0,5
4,5,cross_original_matching,28.0,27.0,28.0,5
4,5,cross_probe_only_flipped,27.0,27.0,28.0,5
4,5,same_original_matching,54.0,49.0,58.0,5
4,5,same_probe_only_flipped,56.0,50.0,62.0,5
4,6,cross_original_matching,28.0,28.0,29.0,5
4,6,cross_probe_only_flipped,28.0,27.0,29.0,5
4,6,same_original_matching,70.0,66.0,77.0,5
4,6,same_probe_only_flipped,137.0,126.0,152.0,5
4,7,cross_original_matching,33.0,27.0,37.0,5
4,7,cross_probe_only_flipped,30.0,27.0,34.0,5
4,7,same_original_matching,268.0,259.0,280.0,5
4,7,same_probe_only_flipped,257.0,245.0,264.0,5
4,8,cross_original_matching,33.0,30.0,51.0,5
4,8,cross_probe_only_flipped,36.0,32.0,45.0,5
4,8,same_original_matching,283.0,271.0,294.0,5
4,8,same_probe_only_flipped,285.0,269.0,300.0,5
4,9,cross_original_matching,44.0,36.0,61.0,5
4,9,cross_probe_only_flipped,36.0,33.0,60.0,5
4,9,same_original_matching,292.0,270.0,298.0,5
4,9,same_probe_only_flipped,285.0,279.0,306.0,5
4,10,cross_original_matching,48.0,32.0,89.0,5
4,10,cross_probe_only_flipped,49.0,31.0,88.0,5
4,10,same_original_matching,275.0,270.0,295.0,5
4,10,same_probe_only_flipped,283.0,275.0,298.0,5
4,11,cross_original_matching,58.0,39.0,115.0,5
4,11,cross_probe_only_flipped,56.0,37.0,99.0,5
4,11,same_original_matching,290.0,275.0,303.0,5
4,11,same_probe_only_flipped,287.0,267.0,305.0,5
4,12,cross_original_matching,64.0,43.0,93.0,5
4,12,cross_probe_only_flipped,57.0,41.0,87.0,5
4,12,same_original_matching,304.0,288.0,327.0,5
4,12,same_probe_only_flipped,319.0,285.0,344.0,5
4,13,cross_original_matching,63.0,46.0,116.0,5
4,13,cross_probe_only_flipped,51.0,50.0,111.0,5
4,13,same_original_matching,341.0,308.0,351.0,5
4,13,same_probe_only_flipped,325.0,319.0,354.0,5
4,14,cross_original_matching,162.0,137.0,256.0,5
4,14,cross_probe_only_flipped,194.0,133.0,255.0,5
4,14,same_original_matching,346.0,331.0,378.0,5
4,14,same_probe_only_flipped,337.0,332.0,351.0,5
4,15,cross_original_matching,245.0,203.0,286.0,5
4,15,cross_probe_only_flipped,234.0,196.0,264.0,5
4,15,same_original_matching,370.0,345.0,436.0,5
4,15,same_probe_only_flipped,351.0,332.0,389.0,5
4,16,cross_original_matching,287.0,280.0,303.0,5
4,16,cross_probe_only_flipped,287.0,274.0,291.0,5
4,16,same_original_matching,375.0,355.0,412.0,5
4,16,same_probe_only_flipped,360.0,338.0,394.0,5
4,17,cross_original_matching,301.0,278.0,317.0,5
4,17,cross_probe_only_flipped,297.0,291.0,323.0,5
4,17,same_original_matching,395.0,339.0,470.0,5
4,17,same_probe_only_flipped,363.0,340.0,467.0,5
4,18,cross_original_matching,306.0,290.0,339.0,5
4,18,cross_probe_only_flipped,301.0,289.0,326.0,5
4,18,same_original_matching,510.0,368.0,557.0,5
4,18,same_probe_only_flipped,511.0,369.0,562.0,5
4,19,cross_original_matching,308.0,281.0,325.0,5
4,19,cross_probe_only_flipped,305.0,281.0,326.0,5
4,19,same_original_matching,553.0,444.0,574.0,5
4,19,same_probe_only_flipped,544.0,427.0,568.0,5
4,20,cross_original_matching,295.0,279.0,318.0,5
4,20,cross_probe_only_flipped,304.0,290.0,318.0,5
4,20,same_original_matching,541.0,519.0,585.0,5
4,20,same_probe_only_flipped,530.0,507.0,550.0,5
5,0,cross_original_matching,27.0,27.0,28.0,5
5,0,cross_probe_only_flipped,27.0,27.0,29.0,5
5,0,same_original_matching,28.0,27.0,29.0,5
5,0,same_probe_only_flipped,27.0,27.0,27.0,5
5,1,cross_original_matching,27.0,27.0,27.0,5
5,1,cross_probe_only_flipped,27.0,27.0,27.0,5
5,1,same_original_matching,28.0,28.0,29.0,5
5,1,same_probe_only_flipped,28.0,27.0,28.0,5
5,2,cross_original_matching,27.0,27.0,28.0,5
5,2,cross_probe_only_flipped,27.0,27.0,28.0,5
5,2,same_original_matching,30.0,29.0,41.0,5
5,2,same_probe_only_flipped,47.0,44.0,49.0,5
5,3,cross_original_matching,27.0,27.0,28.0,5
5,3,cross_probe_only_flipped,27.0,27.0,27.0,5
5,3,same_original_matching,48.0,48.0,54.0,5
5,3,same_probe_only_flipped,53.0,52.0,55.0,5
5,4,cross_original_matching,27.0,27.0,28.0,5
5,4,cross_probe_only_flipped,27.0,27.0,30.0,5
5,4,same_original_matching,55.0,50.0,58.0,5
5,4,same_probe_only_flipped,54.0,52.0,63.0,5
5,5,cross_original_matching,27.0,27.0,28.0,5
5,5,cross_probe_only_flipped,27.0,27.0,28.0,5
5,5,same_original_matching,53.0,53.0,60.0,5
5,5,same_probe_only_flipped,61.0,54.0,67.0,5
5,6,cross_original_matching,28.0,28.0,30.0,5
5,6,cross_probe_only_flipped,27.0,27.0,31.0,5
5,6,same_original_matching,71.0,56.0,87.0,5
5,6,same_probe_only_flipped,155.0,119.0,184.0,5
5,7,cross_original_matching,29.0,28.0,35.0,5
5,7,cross_probe_only_flipped,30.0,27.0,38.0,5
5,7,same_original_matching,268.0,256.0,279.0,5
5,7,same_probe_only_flipped,265.0,258.0,281.0,5
5,8,cross_original_matching,31.0,29.0,50.0,5
5,8,cross_probe_only_flipped,35.0,29.0,53.0,5
5,8,same_original_matching,276.0,269.0,288.0,5
5,8,same_probe_only_flipped,282.0,271.0,302.0,5
5,9,cross_original_matching,46.0,30.0,63.0,5
5,9,cross_probe_only_flipped,48.0,36.0,66.0,5
5,9,same_original_matching,284.0,271.0,308.0,5
5,9,same_probe_only_flipped,283.0,266.0,291.0,5
5,10,cross_original_matching,70.0,33.0,106.0,5
5,10,cross_probe_only_flipped,73.0,38.0,99.0,5
5,10,same_original_matching,292.0,276.0,319.0,5
5,10,same_probe_only_flipped,298.0,285.0,334.0,5
5,11,cross_original_matching,63.0,43.0,106.0,5
5,11,cross_probe_only_flipped,64.0,34.0,94.0,5
5,11,same_original_matching,286.0,283.0,294.0,5
5,11,same_probe_only_flipped,289.0,264.0,312.0,5
5,12,cross_original_matching,69.0,52.0,93.0,5
5,12,cross_probe_only_flipped,58.0,39.0,115.0,5
5,12,same_original_matching,292.0,287.0,314.0,5
5,12,same_probe_only_flipped,310.0,302.0,320.0,5
5,13,cross_original_matching,74.0,60.0,107.0,5
5,13,cross_probe_only_flipped,50.0,44.0,93.0,5
5,13,same_original_matching,340.0,326.0,362.0,5
5,13,same_probe_only_flipped,337.0,329.0,367.0,5
5,14,cross_original_matching,168.0,121.0,255.0,5
5,14,cross_probe_only_flipped,198.0,123.0,230.0,5
5,14,same_original_matching,351.0,336.0,361.0,5
5,14,same_probe_only_flipped,333.0,307.0,367.0,5
5,15,cross_original_matching,230.0,197.0,272.0,5
5,15,cross_probe_only_flipped,236.0,220.0,287.0,5
5,15,same_original_matching,378.0,335.0,475.0,5
5,15,same_probe_only_flipped,356.0,339.0,411.0,5
5,16,cross_original_matching,305.0,297.0,312.0,5
5,16,cross_probe_only_flipped,290.0,286.0,310.0,5
5,16,same_original_matching,364.0,338.0,456.0,5
5,16,same_probe_only_flipped,361.0,332.0,411.0,5
5,17,cross_original_matching,288.0,277.0,335.0,5
5,17,cross_probe_only_flipped,289.0,266.0,296.0,5
5,17,same_original_matching,393.0,352.0,511.0,5
5,17,same_probe_only_flipped,382.0,345.0,457.0,5
5,18,cross_original_matching,295.0,284.0,320.0,5
5,18,cross_probe_only_flipped,316.0,284.0,324.0,5
5,18,same_original_matching,512.0,385.0,572.0,5
5,18,same_probe_only_flipped,522.0,382.0,552.0,5
5,19,cross_original_matching,290.0,284.0,306.0,5
5,19,cross_probe_only_flipped,295.0,276.0,304.0,5
5,19,same_original_matching,546.0,410.0,557.0,5
5,19,same_probe_only_flipped,527.0,396.0,544.0,5
5,20,cross_original_matching,305.0,286.0,324.0,5
5,20,cross_probe_only_flipped,290.0,288.0,306.0,5
5,20,same_original_matching,537.0,520.0,548.0,5
5,20,same_probe_only_flipped,510.0,509.0,543.0,5
6,0,cross_original_matching,27.0,27.0,28.0,5
6,0,cross_probe_only_flipped,27.0,27.0,28.0,5
6,0,same_original_matching,29.0,27.0,31.0,5
6,0,same_probe_only_flipped,27.0,27.0,29.0,5
6,1,cross_original_matching,27.0,27.0,28.0,5
6,1,cross_probe_only_flipped,27.0,27.0,28.0,5
6,1,same_original_matching,29.0,28.0,31.0,5
6,1,same_probe_only_flipped,28.0,27.0,28.0,5
6,2,cross_original_matching,28.0,27.0,30.0,5
6,2,cross_probe_only_flipped,27.0,27.0,27.0,5
6,2,same_original_matching,31.0,30.0,35.0,5
6,2,same_probe_only_flipped,28.0,27.0,28.0,5
6,3,cross_original_matching,27.0,27.0,28.0,5
6,3,cross_probe_only_flipped,27.0,27.0,28.0,5
6,3,same_original_matching,49.0,48.0,50.0,5
6,3,same_probe_only_flipped,28.0,27.0,30.0,5
6,4,cross_original_matching,27.0,27.0,28.0,5
6,4,cross_probe_only_flipped,27.0,27.0,28.0,5
6,4,same_original_matching,51.0,49.0,53.0,5
6,4,same_probe_only_flipped,28.0,27.0,29.0,5
6,5,cross_original_matching,28.0,27.0,28.0,5
6,5,cross_probe_only_flipped,27.0,27.0,27.0,5
6,5,same_original_matching,55.0,48.0,69.0,5
6,5,same_probe_only_flipped,28.0,28.0,29.0,5
6,6,cross_original_matching,29.0,28.0,31.0,5
6,6,cross_probe_only_flipped,27.0,27.0,28.0,5
6,6,same_original_matching,65.0,57.0,76.0,5
6,6,same_probe_only_flipped,28.0,28.0,29.0,5
6,7,cross_original_matching,31.0,28.0,36.0,5
6,7,cross_probe_only_flipped,28.0,27.0,29.0,5
6,7,same_original_matching,270.0,252.0,278.0,5
6,7,same_probe_only_flipped,28.0,27.0,29.0,5
6,8,cross_original_matching,35.0,31.0,47.0,5
6,8,cross_probe_only_flipped,28.0,27.0,30.0,5
6,8,same_original_matching,294.0,273.0,314.0,5
6,8,same_probe_only_flipped,29.0,29.0,30.0,5
6,9,cross_original_matching,45.0,37.0,67.0,5
6,9,cross_probe_only_flipped,28.0,27.0,30.0,5
6,9,same_original_matching,297.0,283.0,319.0,5
6,9,same_probe_only_flipped,31.0,30.0,32.0,5
6,10,cross_original_matching,63.0,40.0,85.0,5
6,10,cross_probe_only_flipped,29.0,28.0,29.0,5
6,10,same_original_matching,291.0,272.0,303.0,5
6,10,same_probe_only_flipped,33.0,31.0,33.0,5
6,11,cross_original_matching,70.0,46.0,111.0,5
6,11,cross_probe_only_flipped,28.0,28.0,29.0,5
6,11,same_original_matching,285.0,276.0,294.0,5
6,11,same_probe_only_flipped,31.0,31.0,33.0,5
6,12,cross_original_matching,76.0,38.0,106.0,5
6,12,cross_probe_only_flipped,29.0,28.0,29.0,5
6,12,same_original_matching,292.0,279.0,295.0,5
6,12,same_probe_only_flipped,54.0,50.0,84.0,5
6,13,cross_original_matching,53.0,50.0,137.0,5
6,13,cross_probe_only_flipped,29.0,28.0,29.0,5
6,13,same_original_matching,350.0,326.0,353.0,5
6,13,same_probe_only_flipped,65.0,60.0,79.0,5
6,14,cross_original_matching,184.0,113.0,258.0,5
6,14,cross_probe_only_flipped,28.0,27.0,29.0,5
6,14,same_original_matching,366.0,325.0,389.0,5
6,14,same_probe_only_flipped,75.0,64.0,94.0,5
6,15,cross_original_matching,218.0,210.0,278.0,5
6,15,cross_probe_only_flipped,29.0,27.0,32.0,5
6,15,same_original_matching,371.0,340.0,434.0,5
6,15,same_probe_only_flipped,82.0,75.0,176.0,5
6,16,cross_original_matching,294.0,275.0,316.0,5
6,16,cross_probe_only_flipped,30.0,29.0,31.0,5
6,16,same_original_matching,359.0,355.0,425.0,5
6,16,same_probe_only_flipped,79.0,76.0,126.0,5
6,17,cross_original_matching,304.0,270.0,306.0,5
6,17,cross_probe_only_flipped,32.0,30.0,32.0,5
6,17,same_original_matching,379.0,362.0,493.0,5
6,17,same_probe_only_flipped,92.0,76.0,209.0,5
6,18,cross_original_matching,313.0,277.0,319.0,5
6,18,cross_probe_only_flipped,30.0,29.0,33.0,5
6,18,same_original_matching,530.0,373.0,551.0,5
6,18,same_probe_only_flipped,227.0,119.0,259.0,5
6,19,cross_original_matching,299.0,277.0,319.0,5
6,19,cross_probe_only_flipped,32.0,32.0,33.0,5
6,19,same_original_matching,534.0,369.0,558.0,5
6,19,same_probe_only_flipped,252.0,108.0,294.0,5
6,20,cross_original_matching,300.0,294.0,310.0,5
6,20,cross_probe_only_flipped,32.0,30.0,33.0,5
6,20,same_original_matching,527.0,490.0,560.0,5
6,20,same_probe_only_flipped,250.0,218.0,266.0,5
7,0,cross_original_matching,28.0,27.0,28.0,5
7,0,cross_probe_only_flipped,27.0,27.0,27.0,5
7,0,same_original_matching,28.0,28.0,29.0,5
7,0,same_probe_only_flipped,27.0,27.0,28.0,5
7,1,cross_original_matching,27.0,27.0,28.0,5
7,1,cross_probe_only_flipped,27.0,27.0,30.0,5
7,1,same_original_matching,29.0,28.0,30.0,5
7,1,same_probe_only_flipped,28.0,27.0,29.0,5
7,2,cross_original_matching,27.0,27.0,28.0,5
7,2,cross_probe_only_flipped,27.0,27.0,27.0,5
7,2,same_original_matching,31.0,28.0,42.0,5
7,2,same_probe_only_flipped,28.0,27.0,32.0,5
7,3,cross_original_matching,27.0,27.0,27.0,5
7,3,cross_probe_only_flipped,27.0,27.0,28.0,5
7,3,same_original_matching,49.0,47.0,50.0,5
7,3,same_probe_only_flipped,27.0,27.0,28.0,5
7,4,cross_original_matching,27.0,27.0,28.0,5
7,4,cross_probe_only_flipped,27.0,27.0,28.0,5
7,4,same_original_matching,51.0,50.0,54.0,5
7,4,same_probe_only_flipped,27.0,27.0,28.0,5
7,5,cross_original_matching,27.0,27.0,28.0,5
7,5,cross_probe_only_flipped,27.0,27.0,27.0,5
7,5,same_original_matching,54.0,53.0,68.0,5
7,5,same_probe_only_flipped,28.0,27.0,28.0,5
7,6,cross_original_matching,28.0,27.0,30.0,5
7,6,cross_probe_only_flipped,27.0,27.0,28.0,5
7,6,same_original_matching,59.0,54.0,73.0,5
7,6,same_probe_only_flipped,28.0,28.0,29.0,5
7,7,cross_original_matching,29.0,27.0,35.0,5
7,7,cross_probe_only_flipped,27.0,27.0,28.0,5
7,7,same_original_matching,259.0,242.0,295.0,5
7,7,same_probe_only_flipped,28.0,27.0,29.0,5
7,8,cross_original_matching,35.0,30.0,51.0,5
7,8,cross_probe_only_flipped,28.0,27.0,28.0,5
7,8,same_original_matching,279.0,256.0,288.0,5
7,8,same_probe_only_flipped,29.0,29.0,33.0,5
7,9,cross_original_matching,37.0,36.0,75.0,5
7,9,cross_probe_only_flipped,28.0,27.0,29.0,5
7,9,same_original_matching,269.0,258.0,290.0,5
7,9,same_probe_only_flipped,31.0,29.0,33.0,5
7,10,cross_original_matching,47.0,33.0,80.0,5
7,10,cross_probe_only_flipped,28.0,27.0,28.0,5
7,10,same_original_matching,301.0,272.0,334.0,5
7,10,same_probe_only_flipped,33.0,31.0,34.0,5
7,11,cross_original_matching,56.0,48.0,110.0,5
7,11,cross_probe_only_flipped,28.0,27.0,29.0,5
7,11,same_original_matching,281.0,268.0,296.0,5
7,11,same_probe_only_flipped,32.0,31.0,34.0,5
7,12,cross_original_matching,71.0,40.0,120.0,5
7,12,cross_probe_only_flipped,29.0,28.0,30.0,5
7,12,same_original_matching,293.0,277.0,303.0,5
7,12,same_probe_only_flipped,51.0,46.0,67.0,5
7,13,cross_original_matching,73.0,58.0,100.0,5
7,13,cross_probe_only_flipped,28.0,27.0,29.0,5
7,13,same_original_matching,334.0,324.0,367.0,5
7,13,same_probe_only_flipped,69.0,60.0,89.0,5
7,14,cross_original_matching,234.0,118.0,252.0,5
7,14,cross_probe_only_flipped,28.0,28.0,30.0,5
7,14,same_original_matching,344.0,330.0,364.0,5
7,14,same_probe_only_flipped,70.0,61.0,89.0,5
7,15,cross_original_matching,245.0,184.0,258.0,5
7,15,cross_probe_only_flipped,30.0,29.0,32.0,5
7,15,same_original_matching,354.0,329.0,426.0,5
7,15,same_probe_only_flipped,83.0,75.0,148.0,5
7,16,cross_original_matching,284.0,281.0,296.0,5
7,16,cross_probe_only_flipped,30.0,29.0,30.0,5
7,16,same_original_matching,382.0,352.0,402.0,5
7,16,same_probe_only_flipped,82.0,73.0,123.0,5
7,17,cross_original_matching,317.0,286.0,318.0,5
7,17,cross_probe_only_flipped,30.0,30.0,31.0,5
7,17,same_original_matching,401.0,390.0,475.0,5
7,17,same_probe_only_flipped,97.0,76.0,183.0,5
7,18,cross_original_matching,290.0,281.0,312.0,5
7,18,cross_probe_only_flipped,32.0,30.0,34.0,5
7,18,same_original_matching,518.0,406.0,567.0,5
7,18,same_probe_only_flipped,212.0,111.0,264.0,5
7,19,cross_original_matching,295.0,292.0,316.0,5
7,19,cross_probe_only_flipped,34.0,30.0,35.0,5
7,19,same_original_matching,538.0,418.0,570.0,5
7,19,same_probe_only_flipped,268.0,134.0,283.0,5
7,20,cross_original_matching,299.0,286.0,309.0,5
7,20,cross_probe_only_flipped,31.0,30.0,32.0,5
7,20,same_original_matching,539.0,522.0,560.0,5
7,20,same_probe_only_flipped,247.0,240.0,262.0,5
8,0,cross_original_matching,27.0,27.0,27.0,5
8,0,cross_probe_only_flipped,27.0,27.0,27.0,5
8,0,same_original_matching,29.0,28.0,29.0,5
8,0,same_probe_only_flipped,27.0,27.0,27.0,5
8,1,cross_original_matching,27.0,27.0,28.0,5
8,1,cross_probe_only_flipped,27.0,27.0,27.0,5
8,1,same_original_matching,29.0,28.0,30.0,5
8,1,same_probe_only_flipped,27.0,27.0,28.0,5
8,2,cross_original_matching,27.0,27.0,28.0,5
8,2,cross_probe_only_flipped,27.0,27.0,30.0,5
8,2,same_original_matching,29.0,28.0,46.0,5
8,2,same_probe_only_flipped,27.0,27.0,28.0,5
8,3,cross_original_matching,27.0,27.0,27.0,5
8,3,cross_probe_only_flipped,27.0,27.0,27.0,5
8,3,same_original_matching,48.0,47.0,50.0,5
8,3,same_probe_only_flipped,28.0,27.0,28.0,5
8,4,cross_original_matching,27.0,27.0,28.0,5
8,4,cross_probe_only_flipped,27.0,27.0,28.0,5
8,4,same_original_matching,58.0,50.0,61.0,5
8,4,same_probe_only_flipped,27.0,27.0,29.0,5
8,5,cross_original_matching,28.0,27.0,28.0,5
8,5,cross_probe_only_flipped,27.0,27.0,28.0,5
8,5,same_original_matching,53.0,49.0,56.0,5
8,5,same_probe_only_flipped,28.0,28.0,29.0,5
8,6,cross_original_matching,28.0,27.0,29.0,5
8,6,cross_probe_only_flipped,27.0,27.0,28.0,5
8,6,same_original_matching,60.0,57.0,80.0,5
8,6,same_probe_only_flipped,28.0,27.0,29.0,5
8,7,cross_original_matching,30.0,27.0,41.0,5
8,7,cross_probe_only_flipped,27.0,27.0,29.0,5
8,7,same_original_matching,259.0,235.0,281.0,5
8,7,same_probe_only_flipped,29.0,28.0,30.0,5
8,8,cross_original_matching,32.0,28.0,59.0,5
8,8,cross_probe_only_flipped,27.0,27.0,28.0,5
8,8,same_original_matching,284.0,267.0,306.0,5
8,8,same_probe_only_flipped,30.0,29.0,31.0,5
8,9,cross_original_matching,39.0,37.0,57.0,5
8,9,cross_probe_only_flipped,28.0,27.0,28.0,5
8,9,same_original_matching,279.0,270.0,288.0,5
8,9,same_probe_only_flipped,31.0,31.0,33.0,5
8,10,cross_original_matching,44.0,40.0,91.0,5
8,10,cross_probe_only_flipped,29.0,27.0,29.0,5
8,10,same_original_matching,278.0,268.0,307.0,5
8,10,same_probe_only_flipped,32.0,31.0,34.0,5
8,11,cross_original_matching,61.0,34.0,120.0,5
8,11,cross_probe_only_flipped,28.0,27.0,29.0,5
8,11,same_original_matching,292.0,267.0,305.0,5
8,11,same_probe_only_flipped,33.0,32.0,34.0,5
8,12,cross_original_matching,63.0,38.0,83.0,5
8,12,cross_probe_only_flipped,28.0,28.0,28.0,5
8,12,same_original_matching,291.0,279.0,309.0,5
8,12,same_probe_only_flipped,55.0,54.0,59.0,5
8,13,cross_original_matching,82.0,56.0,122.0,5
8,13,cross_probe_only_flipped,29.0,28.0,30.0,5
8,13,same_original_matching,337.0,328.0,359.0,5
8,13,same_probe_only_flipped,65.0,60.0,75.0,5
8,14,cross_original_matching,195.0,105.0,259.0,5
8,14,cross_probe_only_flipped,29.0,28.0,31.0,5
8,14,same_original_matching,343.0,320.0,377.0,5
8,14,same_probe_only_flipped,71.0,67.0,94.0,5
8,15,cross_original_matching,240.0,197.0,277.0,5
8,15,cross_probe_only_flipped,30.0,27.0,31.0,5
8,15,same_original_matching,357.0,349.0,420.0,5
8,15,same_probe_only_flipped,83.0,73.0,146.0,5
8,16,cross_original_matching,303.0,276.0,308.0,5
8,16,cross_probe_only_flipped,29.0,28.0,29.0,5
8,16,same_original_matching,365.0,354.0,420.0,5
8,16,same_probe_only_flipped,80.0,72.0,149.0,5
8,17,cross_original_matching,287.0,276.0,331.0,5
8,17,cross_probe_only_flipped,30.0,30.0,32.0,5
8,17,same_original_matching,366.0,350.0,489.0,5
8,17,same_probe_only_flipped,106.0,78.0,200.0,5
8,18,cross_original_matching,305.0,296.0,319.0,5
8,18,cross_probe_only_flipped,31.0,31.0,34.0,5
8,18,same_original_matching,516.0,380.0,560.0,5
8,18,same_probe_only_flipped,228.0,113.0,260.0,5
8,19,cross_original_matching,281.0,273.0,315.0,5
8,19,cross_probe_only_flipped,33.0,31.0,35.0,5
8,19,same_original_matching,541.0,405.0,591.0,5
8,19,same_probe_only_flipped,266.0,102.0,283.0,5
8,20,cross_original_matching,309.0,303.0,312.0,5
8,20,cross_probe_only_flipped,33.0,29.0,33.0,5
8,20,same_original_matching,535.0,528.0,562.0,5
8,20,same_probe_only_flipped,264.0,246.0,297.0,5
9,0,cross_original_matching,27.0,27.0,28.0,5
9,0,cross_probe_only_flipped,27.0,27.0,27.0,5
9,0,same_original_matching,29.0,28.0,32.0,5
9,0,same_probe_only_flipped,27.0,27.0,28.0,5
9,1,cross_original_matching,27.0,27.0,28.0,5
9,1,cross_probe_only_flipped,27.0,27.0,28.0,5
9,1,same_original_matching,30.0,28.0,33.0,5
9,1,same_probe_only_flipped,28.0,27.0,28.0,5
9,2,cross_original_matching,27.0,27.0,27.0,5
9,2,cross_probe_only_flipped,27.0,27.0,27.0,5
9,2,same_original_matching,31.0,28.0,45.0,5
9,2,same_probe_only_flipped,27.0,27.0,29.0,5
9,3,cross_original_matching,27.0,27.0,28.0,5
9,3,cross_probe_only_flipped,27.0,27.0,27.0,5
9,3,same_original_matching,48.0,48.0,50.0,5
9,3,same_probe_only_flipped,27.0,27.0,28.0,5
9,4,cross_original_matching,27.0,27.0,29.0,5
9,4,cross_probe_only_flipped,27.0,27.0,29.0,5
9,4,same_original_matching,52.0,51.0,56.0,5
9,4,same_probe_only_flipped,28.0,27.0,29.0,5
9,5,cross_original_matching,27.0,27.0,28.0,5
9,5,cross_probe_only_flipped,27.0,27.0,28.0,5
9,5,same_original_matching,56.0,54.0,57.0,5
9,5,same_probe_only_flipped,28.0,27.0,29.0,5
9,6,cross_original_matching,29.0,28.0,31.0,5
9,6,cross_probe_only_flipped,27.0,27.0,29.0,5
9,6,same_original_matching,80.0,65.0,95.0,5
9,6,same_probe_only_flipped,28.0,27.0,29.0,5
9,7,cross_original_matching,31.0,27.0,35.0,5
9,7,cross_probe_only_flipped,27.0,27.0,29.0,5
9,7,same_original_matching,266.0,259.0,292.0,5
9,7,same_probe_only_flipped,28.0,27.0,29.0,5
9,8,cross_original_matching,34.0,30.0,64.0,5
9,8,cross_probe_only_flipped,27.0,27.0,28.0,5
9,8,same_original_matching,290.0,283.0,303.0,5
9,8,same_probe_only_flipped,30.0,29.0,31.0,5
9,9,cross_original_matching,45.0,41.0,64.0,5
9,9,cross_probe_only_flipped,28.0,27.0,29.0,5
9,9,same_original_matching,285.0,282.0,313.0,5
9,9,same_probe_only_flipped,32.0,31.0,33.0,5
9,10,cross_original_matching,55.0,43.0,82.0,5
9,10,cross_probe_only_flipped,29.0,28.0,31.0,5
9,10,same_original_matching,279.0,262.0,290.0,5
9,10,same_probe_only_flipped,31.0,30.0,33.0,5
9,11,cross_original_matching,57.0,36.0,121.0,5
9,11,cross_probe_only_flipped,28.0,27.0,30.0,5
9,11,same_original_matching,286.0,269.0,312.0,5
9,11,same_probe_only_flipped,31.0,31.0,34.0,5
9,12,cross_original_matching,57.0,36.0,114.0,5
9,12,cross_probe_only_flipped,29.0,27.0,30.0,5
9,12,same_original_matching,298.0,289.0,304.0,5
9,12,same_probe_only_flipped,54.0,53.0,62.0,5
9,13,cross_original_matching,62.0,50.0,104.0,5
9,13,cross_probe_only_flipped,29.0,28.0,31.0,5
9,13,same_original_matching,348.0,326.0,362.0,5
9,13,same_probe_only_flipped,67.0,66.0,84.0,5
9,14,cross_original_matching,154.0,122.0,245.0,5
9,14,cross_probe_only_flipped,29.0,28.0,30.0,5
9,14,same_original_matching,356.0,325.0,362.0,5
9,14,same_probe_only_flipped,72.0,63.0,94.0,5
9,15,cross_original_matching,242.0,196.0,283.0,5
9,15,cross_probe_only_flipped,30.0,29.0,33.0,5
9,15,same_original_matching,354.0,343.0,426.0,5
9,15,same_probe_only_flipped,79.0,76.0,149.0,5
9,16,cross_original_matching,299.0,280.0,305.0,5
9,16,cross_probe_only_flipped,30.0,29.0,31.0,5
9,16,same_original_matching,365.0,347.0,409.0,5
9,16,same_probe_only_flipped,86.0,71.0,126.0,5
9,17,cross_original_matching,312.0,278.0,342.0,5
9,17,cross_probe_only_flipped,30.0,29.0,32.0,5
9,17,same_original_matching,396.0,361.0,504.0,5
9,17,same_probe_only_flipped,100.0,79.0,194.0,5
9,18,cross_original_matching,309.0,295.0,320.0,5
9,18,cross_probe_only_flipped,31.0,30.0,32.0,5
9,18,same_original_matching,528.0,406.0,562.0,5
9,18,same_probe_only_flipped,225.0,120.0,245.0,5
9,19,cross_original_matching,293.0,287.0,295.0,5
9,19,cross_probe_only_flipped,33.0,32.0,35.0,5
9,19,same_original_matching,539.0,399.0,555.0,5
9,19,same_probe_only_flipped,276.0,111.0,289.0,5
9,20,cross_original_matching,290.0,279.0,297.0,5
9,20,cross_probe_only_flipped,33.0,31.0,36.0,5
9,20,same_original_matching,547.0,499.0,570.0,5
9,20,same_probe_only_flipped,246.0,237.0,268.0,5
10,0,cross_original_matching,27.0,27.0,28.0,5
10,0,cross_probe_only_flipped,27.0,27.0,27.0,5
10,0,same_original_matching,28.0,28.0,31.0,5
10,0,same_probe_only_flipped,27.0,27.0,27.0,5
10,1,cross_original_matching,27.0,27.0,28.0,5
10,1,cross_probe_only_flipped,27.0,27.0,28.0,5
10,1,same_original_matching,29.0,28.0,31.0,5
10,1,same_probe_only_flipped,27.0,27.0,28.0,5
10,2,cross_original_matching,27.0,27.0,29.0,5
10,2,cross_probe_only_flipped,27.0,27.0,27.0,5
10,2,same_original_matching,29.0,28.0,32.0,5
10,2,same_probe_only_flipped,27.0,27.0,27.0,5
10,3,cross_original_matching,27.0,27.0,27.0,5
10,3,cross_probe_only_flipped,27.0,27.0,27.0,5
10,3,same_original_matching,49.0,48.0,51.0,5
10,3,same_probe_only_flipped,27.0,27.0,27.0,5
10,4,cross_original_matching,27.0,27.0,28.0,5
10,4,cross_probe_only_flipped,27.0,27.0,27.0,5
10,4,same_original_matching,53.0,51.0,55.0,5
10,4,same_probe_only_flipped,28.0,27.0,28.0,5
10,5,cross_original_matching,27.0,27.0,28.0,5
10,5,cross_probe_only_flipped,27.0,27.0,28.0,5
10,5,same_original_matching,51.0,49.0,55.0,5
10,5,same_probe_only_flipped,28.0,28.0,28.0,5
10,6,cross_original_matching,28.0,27.0,30.0,5
10,6,cross_probe_only_flipped,27.0,27.0,28.0,5
10,6,same_original_matching,74.0,53.0,88.0,5
10,6,same_probe_only_flipped,28.0,27.0,29.0,5
10,7,cross_original_matching,30.0,27.0,32.0,5
10,7,cross_probe_only_flipped,27.0,27.0,29.0,5
10,7,same_original_matching,257.0,251.0,270.0,5
10,7,same_probe_only_flipped,28.0,27.0,29.0,5
10,8,cross_original_matching,39.0,29.0,48.0,5
10,8,cross_probe_only_flipped,28.0,27.0,29.0,5
10,8,same_original_matching,287.0,272.0,313.0,5
10,8,same_probe_only_flipped,30.0,29.0,31.0,5
10,9,cross_original_matching,38.0,33.0,56.0,5
10,9,cross_probe_only_flipped,28.0,27.0,28.0,5
10,9,same_original_matching,278.0,270.0,294.0,5
10,9,same_probe_only_flipped,32.0,31.0,34.0,5
10,10,cross_original_matching,54.0,40.0,88.0,5
10,10,cross_probe_only_flipped,28.0,27.0,30.0,5
10,10,same_original_matching,278.0,269.0,286.0,5
10,10,same_probe_only_flipped,32.0,29.0,34.0,5
10,11,cross_original_matching,69.0,37.0,109.0,5
10,11,cross_probe_only_flipped,29.0,28.0,30.0,5
10,11,same_original_matching,287.0,272.0,291.0,5
10,11,same_probe_only_flipped,33.0,31.0,33.0,5
10,12,cross_original_matching,69.0,43.0,116.0,5
10,12,cross_probe_only_flipped,29.0,28.0,29.0,5
10,12,same_original_matching,306.0,292.0,311.0,5
10,12,same_probe_only_flipped,54.0,48.0,59.0,5
10,13,cross_original_matching,85.0,47.0,113.0,5
10,13,cross_probe_only_flipped,28.0,28.0,29.0,5
10,13,same_original_matching,338.0,336.0,352.0,5
10,13,same_probe_only_flipped,68.0,60.0,77.0,5
10,14,cross_original_matching,236.0,112.0,261.0,5
10,14,cross_probe_only_flipped,28.0,28.0,29.0,5
10,14,same_original_matching,346.0,314.0,379.0,5
10,14,same_probe_only_flipped,70.0,63.0,106.0,5
10,15,cross_original_matching,225.0,210.0,268.0,5
10,15,cross_probe_only_flipped,28.0,27.0,31.0,5
10,15,same_original_matching,362.0,344.0,431.0,5
10,15,same_probe_only_flipped,82.0,74.0,129.0,5
10,16,cross_original_matching,291.0,281.0,309.0,5
10,16,cross_probe_only_flipped,29.0,29.0,31.0,5
10,16,same_original_matching,346.0,339.0,424.0,5
10,16,same_probe_only_flipped,88.0,72.0,124.0,5
10,17,cross_original_matching,298.0,287.0,338.0,5
10,17,cross_probe_only_flipped,31.0,31.0,32.0,5
10,17,same_original_matching,399.0,357.0,459.0,5
10,17,same_probe_only_flipped,106.0,77.0,183.0,5
10,18,cross_original_matching,289.0,275.0,312.0,5
10,18,cross_probe_only_flipped,31.0,31.0,32.0,5
10,18,same_original_matching,515.0,392.0,537.0,5
10,18,same_probe_only_flipped,220.0,125.0,242.0,5
10,19,cross_original_matching,291.0,282.0,303.0,5
10,19,cross_probe_only_flipped,33.0,32.0,36.0,5
10,19,same_original_matching,545.0,415.0,565.0,5
10,19,same_probe_only_flipped,264.0,144.0,277.0,5
10,20,cross_original_matching,314.0,300.0,329.0,5
10,20,cross_probe_only_flipped,34.0,30.0,35.0,5
10,20,same_original_matching,517.0,511.0,536.0,5
10,20,same_probe_only_flipped,241.0,228.0,247.0,5
11,0,cross_original_matching,27.0,27.0,29.0,5
11,0,cross_probe_only_flipped,29.0,27.0,29.0,5
11,0,same_original_matching,29.0,28.0,30.0,5
11,0,same_probe_only_flipped,27.0,27.0,27.0,5
11,1,cross_original_matching,27.0,27.0,27.0,5
11,1,cross_probe_only_flipped,29.0,29.0,29.0,5
11,1,same_original_matching,30.0,29.0,30.0,5
11,1,same_probe_only_flipped,28.0,27.0,28.0,5
11,2,cross_original_matching,27.0,27.0,27.0,5
11,2,cross_probe_only_flipped,30.0,29.0,30.0,5
11,2,same_original_matching,30.0,28.0,31.0,5
11,2,same_probe_only_flipped,27.0,27.0,28.0,5
11,3,cross_original_matching,27.0,27.0,27.0,5
11,3,cross_probe_only_flipped,29.0,28.0,30.0,5
11,3,same_original_matching,48.0,48.0,49.0,5
11,3,same_probe_only_flipped,28.0,27.0,28.0,5
11,4,cross_original_matching,27.0,27.0,29.0,5
11,4,cross_probe_only_flipped,29.0,28.0,29.0,5
11,4,same_original_matching,52.0,50.0,61.0,5
11,4,same_probe_only_flipped,28.0,27.0,29.0,5
11,5,cross_original_matching,28.0,27.0,28.0,5
11,5,cross_probe_only_flipped,29.0,29.0,31.0,5
11,5,same_original_matching,55.0,52.0,65.0,5
11,5,same_probe_only_flipped,28.0,28.0,31.0,5
11,6,cross_original_matching,28.0,28.0,29.0,5
11,6,cross_probe_only_flipped,31.0,29.0,32.0,5
11,6,same_original_matching,75.0,63.0,80.0,5
11,6,same_probe_only_flipped,28.0,28.0,30.0,5
11,7,cross_original_matching,33.0,27.0,37.0,5
11,7,cross_probe_only_flipped,30.0,29.0,30.0,5
11,7,same_original_matching,276.0,255.0,282.0,5
11,7,same_probe_only_flipped,29.0,27.0,31.0,5
11,8,cross_original_matching,38.0,32.0,55.0,5
11,8,cross_probe_only_flipped,31.0,30.0,32.0,5
11,8,same_original_matching,286.0,279.0,296.0,5
11,8,same_probe_only_flipped,31.0,29.0,33.0,5
11,9,cross_original_matching,50.0,30.0,79.0,5
11,9,cross_probe_only_flipped,32.0,31.0,33.0,5
11,9,same_original_matching,286.0,267.0,298.0,5
11,9,same_probe_only_flipped,31.0,30.0,33.0,5
11,10,cross_original_matching,63.0,40.0,81.0,5
11,10,cross_probe_only_flipped,32.0,31.0,34.0,5
11,10,same_original_matching,280.0,271.0,298.0,5
11,10,same_probe_only_flipped,33.0,31.0,34.0,5
11,11,cross_original_matching,53.0,38.0,110.0,5
11,11,cross_probe_only_flipped,31.0,30.0,33.0,5
11,11,same_original_matching,270.0,261.0,292.0,5
11,11,same_probe_only_flipped,32.0,31.0,34.0,5
11,12,cross_original_matching,79.0,43.0,128.0,5
11,12,cross_probe_only_flipped,32.0,31.0,33.0,5
11,12,same_original_matching,305.0,290.0,314.0,5
11,12,same_probe_only_flipped,53.0,50.0,62.0,5
11,13,cross_original_matching,63.0,45.0,126.0,5
11,13,cross_probe_only_flipped,31.0,29.0,32.0,5
11,13,same_original_matching,332.0,316.0,371.0,5
11,13,same_probe_only_flipped,70.0,60.0,91.0,5
11,14,cross_original_matching,183.0,103.0,247.0,5
11,14,cross_probe_only_flipped,32.0,32.0,34.0,5
11,14,same_original_matching,348.0,321.0,355.0,5
11,14,same_probe_only_flipped,69.0,65.0,95.0,5
11,15,cross_original_matching,242.0,215.0,282.0,5
11,15,cross_probe_only_flipped,32.0,31.0,35.0,5
11,15,same_original_matching,355.0,346.0,455.0,5
11,15,same_probe_only_flipped,82.0,72.0,142.0,5
11,16,cross_original_matching,294.0,271.0,312.0,5
11,16,cross_probe_only_flipped,34.0,32.0,34.0,5
11,16,same_original_matching,370.0,337.0,429.0,5
11,16,same_probe_only_flipped,81.0,75.0,117.0,5
11,17,cross_original_matching,301.0,279.0,314.0,5
11,17,cross_probe_only_flipped,34.0,34.0,37.0,5
11,17,same_original_matching,383.0,362.0,502.0,5
11,17,same_probe_only_flipped,96.0,83.0,202.0,5
11,18,cross_original_matching,281.0,273.0,310.0,5
11,18,cross_probe_only_flipped,37.0,35.0,37.0,5
11,18,same_original_matching,521.0,400.0,566.0,5
11,18,same_probe_only_flipped,240.0,111.0,254.0,5
11,19,cross_original_matching,298.0,284.0,300.0,5
11,19,cross_probe_only_flipped,35.0,32.0,36.0,5
11,19,same_original_matching,514.0,427.0,551.0,5
11,19,same_probe_only_flipped,237.0,114.0,273.0,5
11,20,cross_original_matching,285.0,284.0,318.0,5
11,20,cross_probe_only_flipped,36.0,32.0,38.0,5
11,20,same_original_matching,547.0,504.0,557.0,5
11,20,same_probe_only_flipped,256.0,219.0,295.0,5
12,0,cross_original_matching,27.0,27.0,28.0,5
12,0,cross_probe_only_flipped,27.0,27.0,28.0,5
12,0,same_original_matching,29.0,28.0,29.0,5
12,0,same_probe_only_flipped,27.0,27.0,27.0,5
12,1,cross_original_matching,27.0,27.0,28.0,5
12,1,cross_probe_only_flipped,27.0,27.0,28.0,5
12,1,same_original_matching,30.0,28.0,34.0,5
12,1,same_probe_only_flipped,28.0,27.0,28.0,5
12,2,cross_original_matching,27.0,27.0,29.0,5
12,2,cross_probe_only_flipped,27.0,27.0,30.0,5
12,2,same_original_matching,30.0,29.0,34.0,5
12,2,same_probe_only_flipped,28.0,28.0,33.0,5
12,3,cross_original_matching,27.0,27.0,27.0,5
12,3,cross_probe_only_flipped,27.0,27.0,27.0,5
12,3,same_original_matching,51.0,48.0,51.0,5
12,3,same_probe_only_flipped,28.0,27.0,28.0,5
12,4,cross_original_matching,27.0,27.0,28.0,5
12,4,cross_probe_only_flipped,27.0,27.0,27.0,5
12,4,same_original_matching,53.0,50.0,57.0,5
12,4,same_probe_only_flipped,27.0,27.0,28.0,5
12,5,cross_original_matching,28.0,27.0,28.0,5
12,5,cross_probe_only_flipped,27.0,27.0,28.0,5
12,5,same_original_matching,51.0,50.0,56.0,5
12,5,same_probe_only_flipped,28.0,28.0,29.0,5
12,6,cross_original_matching,28.0,28.0,31.0,5
12,6,cross_probe_only_flipped,27.0,27.0,28.0,5
12,6,same_original_matching,72.0,60.0,101.0,5
12,6,same_probe_only_flipped,29.0,28.0,29.0,5
12,7,cross_original_matching,31.0,29.0,39.0,5
12,7,cross_probe_only_flipped,28.0,27.0,28.0,5
12,7,same_original_matching,264.0,249.0,283.0,5
12,7,same_probe_only_flipped,28.0,27.0,29.0,5
12,8,cross_original_matching,38.0,33.0,54.0,5
12,8,cross_probe_only_flipped,27.0,27.0,28.0,5
12,8,same_original_matching,280.0,270.0,299.0,5
12,8,same_probe_only_flipped,30.0,28.0,31.0,5
12,9,cross_original_matching,42.0,33.0,74.0,5
12,9,cross_probe_only_flipped,28.0,27.0,29.0,5
12,9,same_original_matching,289.0,286.0,314.0,5
12,9,same_probe_only_flipped,31.0,30.0,32.0,5
12,10,cross_original_matching,50.0,33.0,96.0,5
12,10,cross_probe_only_flipped,29.0,28.0,30.0,5
12,10,same_original_matching,276.0,265.0,296.0,5
12,10,same_probe_only_flipped,32.0,30.0,34.0,5
12,11,cross_original_matching,68.0,34.0,109.0,5
12,11,cross_probe_only_flipped,28.0,27.0,29.0,5
12,11,same_original_matching,297.0,271.0,305.0,5
12,11,same_probe_only_flipped,33.0,32.0,34.0,5
12,12,cross_original_matching,72.0,36.0,118.0,5
12,12,cross_probe_only_flipped,28.0,27.0,29.0,5
12,12,same_original_matching,320.0,296.0,336.0,5
12,12,same_probe_only_flipped,34.0,32.0,35.0,5
12,13,cross_original_matching,63.0,58.0,127.0,5
12,13,cross_probe_only_flipped,28.0,28.0,29.0,5
12,13,same_original_matching,325.0,321.0,347.0,5
12,13,same_probe_only_flipped,36.0,34.0,41.0,5
12,14,cross_original_matching,189.0,131.0,256.0,5
12,14,cross_probe_only_flipped,29.0,28.0,29.0,5
12,14,same_original_matching,351.0,336.0,368.0,5
12,14,same_probe_only_flipped,38.0,36.0,39.0,5
12,15,cross_original_matching,244.0,220.0,267.0,5
12,15,cross_probe_only_flipped,28.0,27.0,32.0,5
12,15,same_original_matching,350.0,344.0,435.0,5
12,15,same_probe_only_flipped,38.0,34.0,40.0,5
12,16,cross_original_matching,301.0,295.0,307.0,5
12,16,cross_probe_only_flipped,30.0,29.0,31.0,5
12,16,same_original_matching,359.0,331.0,410.0,5
12,16,same_probe_only_flipped,38.0,34.0,39.0,5
12,17,cross_original_matching,304.0,289.0,308.0,5
12,17,cross_probe_only_flipped,31.0,30.0,33.0,5
12,17,same_original_matching,362.0,342.0,447.0,5
12,17,same_probe_only_flipped,39.0,39.0,40.0,5
12,18,cross_original_matching,294.0,288.0,320.0,5
12,18,cross_probe_only_flipped,31.0,29.0,32.0,5
12,18,same_original_matching,498.0,357.0,522.0,5
12,18,same_probe_only_flipped,40.0,40.0,43.0,5
12,19,cross_original_matching,294.0,278.0,313.0,5
12,19,cross_probe_only_flipped,33.0,32.0,35.0,5
12,19,same_original_matching,510.0,376.0,534.0,5
12,19,same_probe_only_flipped,41.0,38.0,45.0,5
12,20,cross_original_matching,309.0,289.0,322.0,5
12,20,cross_probe_only_flipped,33.0,32.0,35.0,5
12,20,same_original_matching,523.0,495.0,534.0,5
12,20,same_probe_only_flipped,43.0,42.0,45.0,5
13,0,cross_original_matching,27.0,27.0,27.0,5
13,0,cross_probe_only_flipped,27.0,27.0,27.0,5
13,0,same_original_matching,29.0,27.0,30.0,5
13,0,same_probe_only_flipped,27.0,27.0,28.0,5
13,1,cross_original_matching,27.0,27.0,29.0,5
13,1,cross_probe_only_flipped,27.0,27.0,28.0,5
13,1,same_original_matching,29.0,28.0,30.0,5
13,1,same_probe_only_flipped,27.0,27.0,28.0,5
13,2,cross_original_matching,27.0,27.0,28.0,5
13,2,cross_probe_only_flipped,27.0,27.0,28.0,5
13,2,same_original_matching,29.0,29.0,35.0,5
13,2,same_probe_only_flipped,45.0,43.0,48.0,5
13,3,cross_original_matching,27.0,27.0,28.0,5
13,3,cross_probe_only_flipped,27.0,27.0,28.0,5
13,3,same_original_matching,48.0,48.0,50.0,5
13,3,same_probe_only_flipped,52.0,52.0,57.0,5
13,4,cross_original_matching,27.0,27.0,28.0,5
13,4,cross_probe_only_flipped,27.0,27.0,28.0,5
13,4,same_original_matching,52.0,51.0,56.0,5
13,4,same_probe_only_flipped,54.0,53.0,57.0,5
13,5,cross_original_matching,28.0,27.0,29.0,5
13,5,cross_probe_only_flipped,27.0,27.0,28.0,5
13,5,same_original_matching,56.0,54.0,62.0,5
13,5,same_probe_only_flipped,48.0,47.0,50.0,5
13,6,cross_original_matching,28.0,27.0,31.0,5
13,6,cross_probe_only_flipped,27.0,27.0,28.0,5
13,6,same_original_matching,65.0,60.0,96.0,5
13,6,same_probe_only_flipped,47.0,47.0,48.0,5
13,7,cross_original_matching,29.0,28.0,42.0,5
13,7,cross_probe_only_flipped,27.0,27.0,28.0,5
13,7,same_original_matching,269.0,256.0,292.0,5
13,7,same_probe_only_flipped,48.0,48.0,49.0,5
13,8,cross_original_matching,31.0,28.0,51.0,5
13,8,cross_probe_only_flipped,28.0,27.0,28.0,5
13,8,same_original_matching,276.0,271.0,310.0,5
13,8,same_probe_only_flipped,49.0,48.0,49.0,5
13,9,cross_original_matching,42.0,36.0,59.0,5
13,9,cross_probe_only_flipped,28.0,28.0,29.0,5
13,9,same_original_matching,286.0,267.0,297.0,5
13,9,same_probe_only_flipped,49.0,47.0,50.0,5
13,10,cross_original_matching,58.0,41.0,86.0,5
13,10,cross_probe_only_flipped,28.0,27.0,29.0,5
13,10,same_original_matching,276.0,272.0,322.0,5
13,10,same_probe_only_flipped,50.0,49.0,51.0,5
13,11,cross_original_matching,62.0,35.0,105.0,5
13,11,cross_probe_only_flipped,28.0,28.0,29.0,5
13,11,same_original_matching,293.0,272.0,304.0,5
13,11,same_probe_only_flipped,51.0,49.0,51.0,5
13,12,cross_original_matching,65.0,44.0,99.0,5
13,12,cross_probe_only_flipped,29.0,28.0,29.0,5
13,12,same_original_matching,310.0,292.0,338.0,5
13,12,same_probe_only_flipped,56.0,56.0,57.0,5
13,13,cross_original_matching,67.0,46.0,125.0,5
13,13,cross_probe_only_flipped,28.0,27.0,32.0,5
13,13,same_original_matching,329.0,317.0,347.0,5
13,13,same_probe_only_flipped,61.0,60.0,62.0,5
13,14,cross_original_matching,178.0,104.0,234.0,5
13,14,cross_probe_only_flipped,29.0,28.0,29.0,5
13,14,same_original_matching,355.0,329.0,369.0,5
13,14,same_probe_only_flipped,61.0,60.0,62.0,5
13,15,cross_original_matching,259.0,210.0,289.0,5
13,15,cross_probe_only_flipped,30.0,27.0,32.0,5
13,15,same_original_matching,376.0,336.0,402.0,5
13,15,same_probe_only_flipped,61.0,59.0,64.0,5
13,16,cross_original_matching,290.0,278.0,310.0,5
13,16,cross_probe_only_flipped,30.0,28.0,30.0,5
13,16,same_original_matching,380.0,340.0,409.0,5
13,16,same_probe_only_flipped,61.0,60.0,62.0,5
13,17,cross_original_matching,297.0,283.0,320.0,5
13,17,cross_probe_only_flipped,31.0,30.0,32.0,5
13,17,same_original_matching,367.0,358.0,456.0,5
13,17,same_probe_only_flipped,62.0,62.0,63.0,5
13,18,cross_original_matching,295.0,282.0,307.0,5
13,18,cross_probe_only_flipped,32.0,31.0,35.0,5
13,18,same_original_matching,488.0,361.0,519.0,5
13,18,same_probe_only_flipped,64.0,64.0,66.0,5
13,19,cross_original_matching,289.0,283.0,310.0,5
13,19,cross_probe_only_flipped,32.0,30.0,35.0,5
13,19,same_original_matching,501.0,397.0,534.0,5
13,19,same_probe_only_flipped,64.0,63.0,65.0,5
13,20,cross_original_matching,302.0,295.0,313.0,5
13,20,cross_probe_only_flipped,32.0,31.0,34.0,5
13,20,same_original_matching,512.0,505.0,531.0,5
13,20,same_probe_only_flipped,65.0,64.0,66.0,5
14,0,cross_original_matching,27.0,27.0,27.0,5
14,0,cross_probe_only_flipped,27.0,27.0,32.0,5
14,0,same_original_matching,28.0,27.0,29.0,5
14,0,same_probe_only_flipped,27.0,27.0,28.0,5
14,1,cross_original_matching,27.0,27.0,28.0,5
14,1,cross_probe_only_flipped,27.0,27.0,27.0,5
14,1,same_original_matching,30.0,29.0,31.0,5
14,1,same_probe_only_flipped,28.0,27.0,28.0,5
14,2,cross_original_matching,27.0,27.0,28.0,5
14,2,cross_probe_only_flipped,27.0,27.0,27.0,5
14,2,same_original_matching,29.0,29.0,31.0,5
14,2,same_probe_only_flipped,45.0,42.0,47.0,5
14,3,cross_original_matching,27.0,27.0,27.0,5
14,3,cross_probe_only_flipped,27.0,27.0,27.0,5
14,3,same_original_matching,50.0,47.0,52.0,5
14,3,same_probe_only_flipped,52.0,51.0,53.0,5
14,4,cross_original_matching,27.0,27.0,29.0,5
14,4,cross_probe_only_flipped,27.0,27.0,28.0,5
14,4,same_original_matching,52.0,50.0,60.0,5
14,4,same_probe_only_flipped,52.0,52.0,54.0,5
14,5,cross_original_matching,28.0,27.0,28.0,5
14,5,cross_probe_only_flipped,27.0,27.0,28.0,5
14,5,same_original_matching,54.0,53.0,55.0,5
14,5,same_probe_only_flipped,48.0,47.0,49.0,5
14,6,cross_original_matching,27.0,27.0,31.0,5
14,6,cross_probe_only_flipped,27.0,27.0,28.0,5
14,6,same_original_matching,74.0,55.0,114.0,5
14,6,same_probe_only_flipped,48.0,47.0,48.0,5
14,7,cross_original_matching,30.0,29.0,35.0,5
14,7,cross_probe_only_flipped,28.0,27.0,28.0,5
14,7,same_original_matching,257.0,246.0,280.0,5
14,7,same_probe_only_flipped,48.0,47.0,48.0,5
14,8,cross_original_matching,34.0,33.0,54.0,5
14,8,cross_probe_only_flipped,27.0,27.0,28.0,5
14,8,same_original_matching,274.0,259.0,292.0,5
14,8,same_probe_only_flipped,49.0,48.0,50.0,5
14,9,cross_original_matching,38.0,34.0,58.0,5
14,9,cross_probe_only_flipped,28.0,27.0,29.0,5
14,9,same_original_matching,278.0,273.0,300.0,5
14,9,same_probe_only_flipped,49.0,48.0,49.0,5
14,10,cross_original_matching,53.0,40.0,82.0,5
14,10,cross_probe_only_flipped,28.0,27.0,31.0,5
14,10,same_original_matching,279.0,271.0,288.0,5
14,10,same_probe_only_flipped,50.0,48.0,50.0,5
14,11,cross_original_matching,57.0,42.0,93.0,5
14,11,cross_probe_only_flipped,28.0,27.0,28.0,5
14,11,same_original_matching,291.0,259.0,304.0,5
14,11,same_probe_only_flipped,50.0,49.0,51.0,5
14,12,cross_original_matching,73.0,53.0,114.0,5
14,12,cross_probe_only_flipped,28.0,28.0,29.0,5
14,12,same_original_matching,297.0,288.0,323.0,5
14,12,same_probe_only_flipped,55.0,54.0,56.0,5
14,13,cross_original_matching,68.0,55.0,129.0,5
14,13,cross_probe_only_flipped,29.0,28.0,30.0,5
14,13,same_original_matching,334.0,318.0,338.0,5
14,13,same_probe_only_flipped,60.0,59.0,63.0,5
14,14,cross_original_matching,191.0,103.0,258.0,5
14,14,cross_probe_only_flipped,28.0,27.0,30.0,5
14,14,same_original_matching,336.0,331.0,378.0,5
14,14,same_probe_only_flipped,60.0,60.0,61.0,5
14,15,cross_original_matching,220.0,205.0,281.0,5
14,15,cross_probe_only_flipped,28.0,27.0,29.0,5
14,15,same_original_matching,341.0,339.0,399.0,5
14,15,same_probe_only_flipped,60.0,60.0,62.0,5
14,16,cross_original_matching,295.0,287.0,324.0,5
14,16,cross_probe_only_flipped,30.0,28.0,33.0,5
14,16,same_original_matching,362.0,349.0,395.0,5
14,16,same_probe_only_flipped,61.0,61.0,62.0,5
14,17,cross_original_matching,299.0,286.0,309.0,5
14,17,cross_probe_only_flipped,31.0,30.0,34.0,5
14,17,same_original_matching,378.0,343.0,443.0,5
14,17,same_probe_only_flipped,62.0,62.0,63.0,5
14,18,cross_original_matching,298.0,282.0,302.0,5
14,18,cross_probe_only_flipped,31.0,29.0,32.0,5
14,18,same_original_matching,469.0,374.0,513.0,5
14,18,same_probe_only_flipped,62.0,61.0,64.0,5
14,19,cross_original_matching,301.0,283.0,313.0,5
14,19,cross_probe_only_flipped,33.0,31.0,34.0,5
14,19,same_original_matching,509.0,379.0,515.0,5
14,19,same_probe_only_flipped,64.0,64.0,67.0,5
14,20,cross_original_matching,298.0,287.0,303.0,5
14,20,cross_probe_only_flipped,32.0,29.0,33.0,5
14,20,same_original_matching,483.0,479.0,491.0,5
14,20,same_probe_only_flipped,64.0,63.0,64.0,5
15,0,cross_original_matching,27.0,27.0,27.0,5
15,0,cross_probe_only_flipped,27.0,27.0,30.0,5
15,0,same_original_matching,28.0,27.0,29.0,5
15,0,same_probe_only_flipped,27.0,27.0,27.0,5
15,1,cross_original_matching,27.0,27.0,30.0,5
15,1,cross_probe_only_flipped,27.0,27.0,27.0,5
15,1,same_original_matching,28.0,27.0,30.0,5
15,1,same_probe_only_flipped,27.0,27.0,28.0,5
15,2,cross_original_matching,27.0,27.0,27.0,5
15,2,cross_probe_only_flipped,27.0,27.0,28.0,5
15,2,same_original_matching,30.0,28.0,43.0,5
15,2,same_probe_only_flipped,46.0,44.0,49.0,5
15,3,cross_original_matching,27.0,27.0,27.0,5
15,3,cross_probe_only_flipped,27.0,27.0,27.0,5
15,3,same_original_matching,48.0,48.0,57.0,5
15,3,same_probe_only_flipped,53.0,52.0,60.0,5
15,4,cross_original_matching,27.0,27.0,28.0,5
15,4,cross_probe_only_flipped,27.0,27.0,28.0,5
15,4,same_original_matching,51.0,50.0,53.0,5
15,4,same_probe_only_flipped,54.0,52.0,59.0,5
15,5,cross_original_matching,28.0,27.0,28.0,5
15,5,cross_probe_only_flipped,27.0,27.0,27.0,5
15,5,same_original_matching,52.0,51.0,59.0,5
15,5,same_probe_only_flipped,61.0,49.0,67.0,5
15,6,cross_original_matching,28.0,27.0,31.0,5
15,6,cross_probe_only_flipped,27.0,27.0,28.0,5
15,6,same_original_matching,70.0,62.0,95.0,5
15,6,same_probe_only_flipped,137.0,127.0,152.0,5
15,7,cross_original_matching,34.0,27.0,34.0,5
15,7,cross_probe_only_flipped,27.0,27.0,28.0,5
15,7,same_original_matching,267.0,254.0,273.0,5
15,7,same_probe_only_flipped,256.0,246.0,268.0,5
15,8,cross_original_matching,33.0,32.0,41.0,5
15,8,cross_probe_only_flipped,27.0,27.0,28.0,5
15,8,same_original_matching,292.0,280.0,302.0,5
15,8,same_probe_only_flipped,291.0,277.0,304.0,5
15,9,cross_original_matching,46.0,39.0,71.0,5
15,9,cross_probe_only_flipped,28.0,27.0,28.0,5
15,9,same_original_matching,276.0,261.0,310.0,5
15,9,same_probe_only_flipped,300.0,272.0,306.0,5
15,10,cross_original_matching,63.0,39.0,84.0,5
15,10,cross_probe_only_flipped,28.0,27.0,29.0,5
15,10,same_original_matching,289.0,258.0,295.0,5
15,10,same_probe_only_flipped,282.0,269.0,296.0,5
15,11,cross_original_matching,61.0,40.0,103.0,5
15,11,cross_probe_only_flipped,28.0,27.0,29.0,5
15,11,same_original_matching,293.0,272.0,297.0,5
15,11,same_probe_only_flipped,290.0,273.0,308.0,5
15,12,cross_original_matching,93.0,38.0,95.0,5
15,12,cross_probe_only_flipped,28.0,28.0,31.0,5
15,12,same_original_matching,305.0,294.0,312.0,5
15,12,same_probe_only_flipped,294.0,292.0,306.0,5
15,13,cross_original_matching,80.0,44.0,141.0,5
15,13,cross_probe_only_flipped,28.0,28.0,29.0,5
15,13,same_original_matching,325.0,323.0,343.0,5
15,13,same_probe_only_flipped,305.0,298.0,329.0,5
15,14,cross_original_matching,182.0,118.0,241.0,5
15,14,cross_probe_only_flipped,28.0,28.0,30.0,5
15,14,same_original_matching,347.0,323.0,364.0,5
15,14,same_probe_only_flipped,297.0,290.0,322.0,5
15,15,cross_original_matching,247.0,228.0,280.0,5
15,15,cross_probe_only_flipped,28.0,27.0,29.0,5
15,15,same_original_matching,363.0,354.0,433.0,5
15,15,same_probe_only_flipped,299.0,288.0,312.0,5
15,16,cross_original_matching,294.0,280.0,317.0,5
15,16,cross_probe_only_flipped,29.0,29.0,32.0,5
15,16,same_original_matching,364.0,353.0,386.0,5
15,16,same_probe_only_flipped,304.0,295.0,311.0,5
15,17,cross_original_matching,300.0,285.0,319.0,5
15,17,cross_probe_only_flipped,31.0,29.0,32.0,5
15,17,same_original_matching,374.0,344.0,442.0,5
15,17,same_probe_only_flipped,312.0,295.0,326.0,5
15,18,cross_original_matching,294.0,283.0,312.0,5
15,18,cross_probe_only_flipped,30.0,30.0,32.0,5
15,18,same_original_matching,485.0,372.0,510.0,5
15,18,same_probe_only_flipped,298.0,291.0,320.0,5
15,19,cross_original_matching,289.0,272.0,329.0,5
15,19,cross_probe_only_flipped,33.0,31.0,34.0,5
15,19,same_original_matching,505.0,381.0,523.0,5
15,19,same_probe_only_flipped,296.0,293.0,329.0,5
15,20,cross_original_matching,302.0,287.0,314.0,5
15,20,cross_probe_only_flipped,32.0,31.0,33.0,5
15,20,same_original_matching,518.0,502.0,539.0,5
15,20,same_probe_only_flipped,294.0,289.0,305.0,5
16,0,cross_original_matching,27.0,27.0,27.0,5
16,0,cross_probe_only_flipped,27.0,27.0,27.0,5
16,0,same_original_matching,28.0,28.0,29.0,5
16,0,same_probe_only_flipped,27.0,27.0,28.0,5
16,1,cross_original_matching,28.0,27.0,28.0,5
16,1,cross_probe_only_flipped,27.0,27.0,27.0,5
16,1,same_original_matching,30.0,29.0,31.0,5
16,1,same_probe_only_flipped,27.0,27.0,28.0,5
16,2,cross_original_matching,27.0,27.0,27.0,5
16,2,cross_probe_only_flipped,27.0,27.0,28.0,5
16,2,same_original_matching,31.0,29.0,41.0,5
16,2,same_probe_only_flipped,46.0,44.0,50.0,5
16,3,cross_original_matching,27.0,27.0,28.0,5
16,3,cross_probe_only_flipped,27.0,27.0,28.0,5
16,3,same_original_matching,48.0,48.0,48.0,5
16,3,same_probe_only_flipped,53.0,52.0,54.0,5
16,4,cross_original_matching,27.0,27.0,27.0,5
16,4,cross_probe_only_flipped,27.0,27.0,28.0,5
16,4,same_original_matching,52.0,49.0,55.0,5
16,4,same_probe_only_flipped,57.0,53.0,67.0,5
16,5,cross_original_matching,27.0,27.0,28.0,5
16,5,cross_probe_only_flipped,27.0,27.0,28.0,5
16,5,same_original_matching,56.0,48.0,58.0,5
16,5,same_probe_only_flipped,55.0,48.0,60.0,5
16,6,cross_original_matching,29.0,27.0,31.0,5
16,6,cross_probe_only_flipped,27.0,27.0,28.0,5
16,6,same_original_matching,82.0,75.0,93.0,5
16,6,same_probe_only_flipped,158.0,141.0,178.0,5
16,7,cross_original_matching,34.0,30.0,39.0,5
16,7,cross_probe_only_flipped,27.0,27.0,28.0,5
16,7,same_original_matching,258.0,245.0,279.0,5
16,7,same_probe_only_flipped,268.0,250.0,287.0,5
16,8,cross_original_matching,31.0,30.0,55.0,5
16,8,cross_probe_only_flipped,27.0,27.0,28.0,5
16,8,same_original_matching,288.0,269.0,292.0,5
16,8,same_probe_only_flipped,303.0,270.0,314.0,5
16,9,cross_original_matching,40.0,37.0,70.0,5
16,9,cross_probe_only_flipped,28.0,27.0,29.0,5
16,9,same_original_matching,291.0,274.0,292.0,5
16,9,same_probe_only_flipped,289.0,275.0,301.0,5
16,10,cross_original_matching,45.0,43.0,78.0,5
16,10,cross_probe_only_flipped,28.0,27.0,29.0,5
16,10,same_original_matching,280.0,276.0,293.0,5
16,10,same_probe_only_flipped,294.0,283.0,305.0,5
16,11,cross_original_matching,57.0,51.0,101.0,5
16,11,cross_probe_only_flipped,29.0,28.0,29.0,5
16,11,same_original_matching,272.0,267.0,295.0,5
16,11,same_probe_only_flipped,291.0,276.0,312.0,5
16,12,cross_original_matching,71.0,39.0,89.0,5
16,12,cross_probe_only_flipped,28.0,27.0,29.0,5
16,12,same_original_matching,316.0,284.0,335.0,5
16,12,same_probe_only_flipped,289.0,280.0,304.0,5
16,13,cross_original_matching,61.0,45.0,118.0,5
16,13,cross_probe_only_flipped,29.0,28.0,32.0,5
16,13,same_original_matching,325.0,315.0,354.0,5
16,13,same_probe_only_flipped,290.0,284.0,322.0,5
16,14,cross_original_matching,225.0,98.0,276.0,5
16,14,cross_probe_only_flipped,30.0,29.0,30.0,5
16,14,same_original_matching,350.0,320.0,382.0,5
16,14,same_probe_only_flipped,292.0,286.0,305.0,5
16,15,cross_original_matching,252.0,215.0,273.0,5
16,15,cross_probe_only_flipped,29.0,28.0,35.0,5
16,15,same_original_matching,353.0,338.0,418.0,5
16,15,same_probe_only_flipped,299.0,286.0,316.0,5
16,16,cross_original_matching,298.0,298.0,323.0,5
16,16,cross_probe_only_flipped,30.0,29.0,31.0,5
16,16,same_original_matching,365.0,332.0,398.0,5
16,16,same_probe_only_flipped,306.0,287.0,318.0,5
16,17,cross_original_matching,290.0,275.0,316.0,5
16,17,cross_probe_only_flipped,30.0,29.0,32.0,5
16,17,same_original_matching,381.0,336.0,485.0,5
16,17,same_probe_only_flipped,313.0,283.0,327.0,5
16,18,cross_original_matching,295.0,294.0,322.0,5
16,18,cross_probe_only_flipped,31.0,30.0,32.0,5
16,18,same_original_matching,503.0,387.0,532.0,5
16,18,same_probe_only_flipped,297.0,295.0,308.0,5
16,19,cross_original_matching,288.0,283.0,306.0,5
16,19,cross_probe_only_flipped,33.0,30.0,38.0,5
16,19,same_original_matching,512.0,358.0,557.0,5
16,19,same_probe_only_flipped,313.0,291.0,320.0,5
16,20,cross_original_matching,295.0,282.0,309.0,5
16,20,cross_probe_only_flipped,32.0,29.0,33.0,5
16,20,same_original_matching,492.0,475.0,519.0,5
16,20,same_probe_only_flipped,298.0,284.0,320.0,5
17,0,cross_original_matching,27.0,27.0,28.0,5
17,0,cross_probe_only_flipped,27.0,27.0,27.0,5
17,0,same_original_matching,29.0,27.0,29.0,5
17,0,same_probe_only_flipped,27.0,27.0,27.0,5
17,1,cross_original_matching,27.0,27.0,27.0,5
17,1,cross_probe_only_flipped,27.0,27.0,27.0,5
17,1,same_original_matching,31.0,29.0,31.0,5
17,1,same_probe_only_flipped,28.0,27.0,28.0,5
17,2,cross_original_matching,27.0,27.0,27.0,5
17,2,cross_probe_only_flipped,27.0,27.0,27.0,5
17,2,same_original_matching,29.0,29.0,42.0,5
17,2,same_probe_only_flipped,45.0,44.0,51.0,5
17,3,cross_original_matching,27.0,27.0,28.0,5
17,3,cross_probe_only_flipped,27.0,27.0,27.0,5
17,3,same_original_matching,48.0,48.0,50.0,5
17,3,same_probe_only_flipped,54.0,52.0,59.0,5
17,4,cross_original_matching,28.0,27.0,30.0,5
17,4,cross_probe_only_flipped,27.0,27.0,27.0,5
17,4,same_original_matching,51.0,50.0,54.0,5
17,4,same_probe_only_flipped,58.0,56.0,87.0,5
17,5,cross_original_matching,28.0,27.0,28.0,5
17,5,cross_probe_only_flipped,28.0,27.0,28.0,5
17,5,same_original_matching,56.0,52.0,59.0,5
17,5,same_probe_only_flipped,63.0,57.0,69.0,5
17,6,cross_original_matching,28.0,27.0,29.0,5
17,6,cross_probe_only_flipped,27.0,27.0,27.0,5
17,6,same_original_matching,68.0,64.0,91.0,5
17,6,same_probe_only_flipped,137.0,128.0,164.0,5
17,7,cross_original_matching,29.0,28.0,38.0,5
17,7,cross_probe_only_flipped,27.0,27.0,28.0,5
17,7,same_original_matching,266.0,246.0,271.0,5
17,7,same_probe_only_flipped,259.0,236.0,279.0,5
17,8,cross_original_matching,33.0,29.0,50.0,5
17,8,cross_probe_only_flipped,27.0,27.0,28.0,5
17,8,same_original_matching,285.0,269.0,297.0,5
17,8,same_probe_only_flipped,292.0,277.0,298.0,5
17,9,cross_original_matching,45.0,37.0,55.0,5
17,9,cross_probe_only_flipped,28.0,27.0,29.0,5
17,9,same_original_matching,287.0,259.0,307.0,5
17,9,same_probe_only_flipped,280.0,267.0,296.0,5
17,10,cross_original_matching,45.0,41.0,101.0,5
17,10,cross_probe_only_flipped,28.0,28.0,30.0,5
17,10,same_original_matching,298.0,263.0,304.0,5
17,10,same_probe_only_flipped,291.0,283.0,305.0,5
17,11,cross_original_matching,49.0,47.0,118.0,5
17,11,cross_probe_only_flipped,28.0,27.0,30.0,5
17,11,same_original_matching,278.0,259.0,295.0,5
17,11,same_probe_only_flipped,280.0,275.0,306.0,5
17,12,cross_original_matching,62.0,55.0,97.0,5
17,12,cross_probe_only_flipped,29.0,28.0,29.0,5
17,12,same_original_matching,304.0,299.0,305.0,5
17,12,same_probe_only_flipped,297.0,272.0,303.0,5
17,13,cross_original_matching,66.0,54.0,115.0,5
17,13,cross_probe_only_flipped,28.0,28.0,30.0,5
17,13,same_original_matching,347.0,328.0,370.0,5
17,13,same_probe_only_flipped,299.0,294.0,318.0,5
17,14,cross_original_matching,175.0,111.0,249.0,5
17,14,cross_probe_only_flipped,29.0,28.0,30.0,5
17,14,same_original_matching,336.0,330.0,362.0,5
17,14,same_probe_only_flipped,294.0,281.0,298.0,5
17,15,cross_original_matching,253.0,201.0,278.0,5
17,15,cross_probe_only_flipped,29.0,27.0,32.0,5
17,15,same_original_matching,351.0,342.0,418.0,5
17,15,same_probe_only_flipped,301.0,284.0,314.0,5
17,16,cross_original_matching,283.0,273.0,298.0,5
17,16,cross_probe_only_flipped,30.0,28.0,31.0,5
17,16,same_original_matching,375.0,339.0,389.0,5
17,16,same_probe_only_flipped,302.0,276.0,307.0,5
17,17,cross_original_matching,298.0,283.0,315.0,5
17,17,cross_probe_only_flipped,32.0,31.0,34.0,5
17,17,same_original_matching,385.0,380.0,447.0,5
17,17,same_probe_only_flipped,303.0,288.0,318.0,5
17,18,cross_original_matching,297.0,282.0,309.0,5
17,18,cross_probe_only_flipped,31.0,30.0,33.0,5
17,18,same_original_matching,501.0,372.0,547.0,5
17,18,same_probe_only_flipped,301.0,293.0,311.0,5
17,19,cross_original_matching,304.0,289.0,320.0,5
17,19,cross_probe_only_flipped,33.0,31.0,33.0,5
17,19,same_original_matching,521.0,422.0,527.0,5
17,19,same_probe_only_flipped,301.0,284.0,315.0,5
17,20,cross_original_matching,294.0,278.0,312.0,5
17,20,cross_probe_only_flipped,32.0,30.0,33.0,5
17,20,same_original_matching,491.0,462.0,522.0,5
17,20,same_probe_only_flipped,301.0,297.0,322.0,5
18,0,cross_original_matching,27.0,27.0,27.0,5
18,0,cross_probe_only_flipped,27.0,27.0,36.0,5
18,0,same_original_matching,29.0,27.0,32.0,5
18,0,same_probe_only_flipped,27.0,27.0,28.0,5
18,1,cross_original_matching,27.0,27.0,28.0,5
18,1,cross_probe_only_flipped,27.0,27.0,28.0,5
18,1,same_original_matching,29.0,28.0,30.0,5
18,1,same_probe_only_flipped,28.0,27.0,28.0,5
18,2,cross_original_matching,27.0,27.0,28.0,5
18,2,cross_probe_only_flipped,27.0,27.0,27.0,5
18,2,same_original_matching,31.0,28.0,31.0,5
18,2,same_probe_only_flipped,45.0,44.0,48.0,5
18,3,cross_original_matching,27.0,27.0,28.0,5
18,3,cross_probe_only_flipped,27.0,27.0,27.0,5
18,3,same_original_matching,48.0,47.0,49.0,5
18,3,same_probe_only_flipped,53.0,52.0,55.0,5
18,4,cross_original_matching,27.0,27.0,27.0,5
18,4,cross_probe_only_flipped,27.0,27.0,27.0,5
18,4,same_original_matching,50.0,49.0,53.0,5
18,4,same_probe_only_flipped,58.0,54.0,65.0,5
18,5,cross_original_matching,27.0,27.0,28.0,5
18,5,cross_probe_only_flipped,27.0,27.0,28.0,5
18,5,same_original_matching,51.0,50.0,59.0,5
18,5,same_probe_only_flipped,54.0,51.0,59.0,5
18,6,cross_original_matching,28.0,27.0,29.0,5
18,6,cross_probe_only_flipped,27.0,27.0,28.0,5
18,6,same_original_matching,70.0,60.0,95.0,5
18,6,same_probe_only_flipped,152.0,136.0,163.0,5
18,7,cross_original_matching,33.0,28.0,34.0,5
18,7,cross_probe_only_flipped,27.0,27.0,29.0,5
18,7,same_original_matching,258.0,251.0,270.0,5
18,7,same_probe_only_flipped,253.0,243.0,256.0,5
18,8,cross_original_matching,35.0,31.0,45.0,5
18,8,cross_probe_only_flipped,28.0,27.0,28.0,5
18,8,same_original_matching,291.0,262.0,301.0,5
18,8,same_probe_only_flipped,285.0,270.0,301.0,5
18,9,cross_original_matching,44.0,34.0,74.0,5
18,9,cross_probe_only_flipped,28.0,27.0,28.0,5
18,9,same_original_matching,280.0,274.0,308.0,5
18,9,same_probe_only_flipped,299.0,270.0,304.0,5
18,10,cross_original_matching,55.0,38.0,96.0,5
18,10,cross_probe_only_flipped,28.0,27.0,29.0,5
18,10,same_original_matching,288.0,284.0,300.0,5
18,10,same_probe_only_flipped,299.0,288.0,308.0,5
18,11,cross_original_matching,58.0,36.0,125.0,5
18,11,cross_probe_only_flipped,28.0,27.0,29.0,5
18,11,same_original_matching,280.0,268.0,293.0,5
18,11,same_probe_only_flipped,295.0,273.0,324.0,5
18,12,cross_original_matching,71.0,42.0,104.0,5
18,12,cross_probe_only_flipped,28.0,28.0,29.0,5
18,12,same_original_matching,302.0,283.0,338.0,5
18,12,same_probe_only_flipped,304.0,282.0,320.0,5
18,13,cross_original_matching,69.0,53.0,119.0,5
18,13,cross_probe_only_flipped,29.0,28.0,31.0,5
18,13,same_original_matching,338.0,329.0,356.0,5
18,13,same_probe_only_flipped,297.0,287.0,323.0,5
18,14,cross_original_matching,185.0,119.0,249.0,5
18,14,cross_probe_only_flipped,29.0,29.0,30.0,5
18,14,same_original_matching,345.0,335.0,351.0,5
18,14,same_probe_only_flipped,301.0,281.0,316.0,5
18,15,cross_original_matching,225.0,212.0,279.0,5
18,15,cross_probe_only_flipped,28.0,27.0,34.0,5
18,15,same_original_matching,343.0,333.0,413.0,5
18,15,same_probe_only_flipped,297.0,283.0,317.0,5
18,16,cross_original_matching,291.0,272.0,325.0,5
18,16,cross_probe_only_flipped,29.0,29.0,31.0,5
18,16,same_original_matching,370.0,342.0,411.0,5
18,16,same_probe_only_flipped,294.0,288.0,306.0,5
18,17,cross_original_matching,283.0,282.0,304.0,5
18,17,cross_probe_only_flipped,32.0,31.0,33.0,5
18,17,same_original_matching,368.0,350.0,459.0,5
18,17,same_probe_only_flipped,300.0,290.0,319.0,5
18,18,cross_original_matching,299.0,286.0,314.0,5
18,18,cross_probe_only_flipped,30.0,30.0,33.0,5
18,18,same_original_matching,499.0,351.0,523.0,5
18,18,same_probe_only_flipped,309.0,278.0,336.0,5
18,19,cross_original_matching,298.0,271.0,318.0,5
18,19,cross_probe_only_flipped,33.0,32.0,35.0,5
18,19,same_original_matching,476.0,353.0,503.0,5
18,19,same_probe_only_flipped,298.0,289.0,309.0,5
18,20,cross_original_matching,317.0,300.0,333.0,5
18,20,cross_probe_only_flipped,33.0,31.0,34.0,5
18,20,same_original_matching,511.0,473.0,518.0,5
18,20,same_probe_only_flipped,297.0,292.0,317.0,5
19,0,cross_original_matching,27.0,27.0,27.0,5
19,0,cross_probe_only_flipped,27.0,27.0,28.0,5
19,0,same_original_matching,29.0,28.0,38.0,5
19,0,same_probe_only_flipped,27.0,27.0,29.0,5
19,1,cross_original_matching,27.0,27.0,27.0,5
19,1,cross_probe_only_flipped,27.0,27.0,28.0,5
19,1,same_original_matching,29.0,29.0,31.0,5
19,1,same_probe_only_flipped,27.0,27.0,28.0,5
19,2,cross_original_matching,27.0,27.0,27.0,5
19,2,cross_probe_only_flipped,27.0,27.0,28.0,5
19,2,same_original_matching,31.0,28.0,47.0,5
19,2,same_probe_only_flipped,46.0,45.0,50.0,5
19,3,cross_original_matching,27.0,27.0,28.0,5
19,3,cross_probe_only_flipped,27.0,27.0,28.0,5
19,3,same_original_matching,49.0,48.0,54.0,5
19,3,same_probe_only_flipped,53.0,51.0,61.0,5
19,4,cross_original_matching,27.0,27.0,28.0,5
19,4,cross_probe_only_flipped,27.0,27.0,28.0,5
19,4,same_original_matching,54.0,48.0,56.0,5
19,4,same_probe_only_flipped,63.0,53.0,86.0,5
19,5,cross_original_matching,28.0,27.0,29.0,5
19,5,cross_probe_only_flipped,27.0,27.0,28.0,5
19,5,same_original_matching,54.0,52.0,65.0,5
19,5,same_probe_only_flipped,53.0,48.0,55.0,5
19,6,cross_original_matching,28.0,27.0,29.0,5
19,6,cross_probe_only_flipped,28.0,27.0,28.0,5
19,6,same_original_matching,69.0,61.0,82.0,5
19,6,same_probe_only_flipped,144.0,120.0,154.0,5
19,7,cross_original_matching,30.0,28.0,39.0,5
19,7,cross_probe_only_flipped,28.0,27.0,29.0,5
19,7,same_original_matching,260.0,250.0,280.0,5
19,7,same_probe_only_flipped,257.0,252.0,273.0,5
19,8,cross_original_matching,30.0,29.0,48.0,5
19,8,cross_probe_only_flipped,28.0,27.0,29.0,5
19,8,same_original_matching,288.0,287.0,301.0,5
19,8,same_probe_only_flipped,285.0,276.0,307.0,5
19,9,cross_original_matching,45.0,34.0,52.0,5
19,9,cross_probe_only_flipped,28.0,27.0,29.0,5
19,9,same_original_matching,290.0,279.0,302.0,5
19,9,same_probe_only_flipped,286.0,263.0,315.0,5
19,10,cross_original_matching,42.0,32.0,84.0,5
19,10,cross_probe_only_flipped,28.0,27.0,29.0,5
19,10,same_original_matching,293.0,274.0,305.0,5
19,10,same_probe_only_flipped,289.0,277.0,309.0,5
19,11,cross_original_matching,59.0,39.0,120.0,5
19,11,cross_probe_only_flipped,29.0,28.0,30.0,5
19,11,same_original_matching,277.0,260.0,301.0,5
19,11,same_probe_only_flipped,289.0,277.0,319.0,5
19,12,cross_original_matching,62.0,54.0,108.0,5
19,12,cross_probe_only_flipped,29.0,28.0,30.0,5
19,12,same_original_matching,308.0,295.0,310.0,5
19,12,same_probe_only_flipped,300.0,273.0,311.0,5
19,13,cross_original_matching,73.0,46.0,119.0,5
19,13,cross_probe_only_flipped,29.0,28.0,31.0,5
19,13,same_original_matching,344.0,319.0,355.0,5
19,13,same_probe_only_flipped,300.0,289.0,316.0,5
19,14,cross_original_matching,183.0,122.0,285.0,5
19,14,cross_probe_only_flipped,29.0,28.0,30.0,5
19,14,same_original_matching,336.0,333.0,386.0,5
19,14,same_probe_only_flipped,309.0,301.0,322.0,5
19,15,cross_original_matching,239.0,208.0,261.0,5
19,15,cross_probe_only_flipped,30.0,28.0,32.0,5
19,15,same_original_matching,351.0,337.0,445.0,5
19,15,same_probe_only_flipped,314.0,305.0,334.0,5
19,16,cross_original_matching,287.0,269.0,312.0,5
19,16,cross_probe_only_flipped,30.0,29.0,31.0,5
19,16,same_original_matching,367.0,344.0,398.0,5
19,16,same_probe_only_flipped,296.0,290.0,313.0,5
19,17,cross_original_matching,294.0,279.0,316.0,5
19,17,cross_probe_only_flipped,31.0,30.0,33.0,5
19,17,same_original_matching,382.0,351.0,466.0,5
19,17,same_probe_only_flipped,300.0,281.0,307.0,5
19,18,cross_original_matching,281.0,273.0,313.0,5
19,18,cross_probe_only_flipped,32.0,30.0,35.0,5
19,18,same_original_matching,477.0,388.0,496.0,5
19,18,same_probe_only_flipped,314.0,296.0,327.0,5
19,19,cross_original_matching,313.0,289.0,320.0,5
19,19,cross_probe_only_flipped,33.0,30.0,34.0,5
19,19,same_original_matching,480.0,386.0,518.0,5
19,19,same_probe_only_flipped,302.0,278.0,311.0,5
19,20,cross_original_matching,302.0,282.0,318.0,5
19,20,cross_probe_only_flipped,32.0,32.0,35.0,5
19,20,same_original_matching,507.0,461.0,550.0,5
19,20,same_probe_only_flipped,308.0,288.0,320.0,5
21,0,cross_original_matching,27.0,27.0,28.0,5
21,0,cross_probe_only_flipped,27.0,27.0,27.0,5
21,0,same_original_matching,30.0,28.0,31.0,5
21,0,same_probe_only_flipped,27.0,27.0,27.0,5
21,1,cross_original_matching,27.0,27.0,27.0,5
21,1,cross_probe_only_flipped,27.0,27.0,28.0,5
21,1,same_original_matching,29.0,29.0,33.0,5
21,1,same_probe_only_flipped,27.0,27.0,28.0,5
21,2,cross_original_matching,27.0,27.0,28.0,5
21,2,cross_probe_only_flipped,27.0,27.0,28.0,5
21,2,same_original_matching,36.0,28.0,45.0,5
21,2,same_probe_only_flipped,48.0,45.0,52.0,5
21,3,cross_original_matching,28.0,27.0,28.0,5
21,3,cross_probe_only_flipped,27.0,27.0,27.0,5
21,3,same_original_matching,48.0,48.0,50.0,5
21,3,same_probe_only_flipped,54.0,53.0,57.0,5
21,4,cross_original_matching,28.0,27.0,28.0,5
21,4,cross_probe_only_flipped,27.0,27.0,28.0,5
21,4,same_original_matching,50.0,50.0,52.0,5
21,4,same_probe_only_flipped,56.0,54.0,64.0,5
21,5,cross_original_matching,28.0,27.0,29.0,5
21,5,cross_probe_only_flipped,27.0,27.0,28.0,5
21,5,same_original_matching,55.0,52.0,58.0,5
21,5,same_probe_only_flipped,63.0,52.0,83.0,5
21,6,cross_original_matching,28.0,28.0,31.0,5
21,6,cross_probe_only_flipped,28.0,27.0,28.0,5
21,6,same_original_matching,79.0,68.0,87.0,5
21,6,same_probe_only_flipped,157.0,128.0,163.0,5
21,7,cross_original_matching,31.0,28.0,32.0,5
21,7,cross_probe_only_flipped,28.0,27.0,28.0,5
21,7,same_original_matching,263.0,237.0,277.0,5
21,7,same_probe_only_flipped,260.0,239.0,271.0,5
21,8,cross_original_matching,33.0,31.0,48.0,5
21,8,cross_probe_only_flipped,28.0,27.0,28.0,5
21,8,same_original_matching,272.0,266.0,285.0,5
21,8,same_probe_only_flipped,288.0,270.0,321.0,5
21,9,cross_original_matching,42.0,36.0,72.0,5
21,9,cross_probe_only_flipped,28.0,27.0,29.0,5
21,9,same_original_matching,284.0,272.0,296.0,5
21,9,same_probe_only_flipped,299.0,276.0,330.0,5
21,10,cross_original_matching,54.0,39.0,88.0,5
21,10,cross_probe_only_flipped,28.0,28.0,29.0,5
21,10,same_original_matching,283.0,279.0,296.0,5
21,10,same_probe_only_flipped,285.0,277.0,293.0,5
21,11,cross_original_matching,63.0,39.0,107.0,5
21,11,cross_probe_only_flipped,29.0,27.0,30.0,5
21,11,same_original_matching,288.0,274.0,301.0,5
21,11,same_probe_only_flipped,297.0,277.0,311.0,5
21,12,cross_original_matching,64.0,55.0,103.0,5
21,12,cross_probe_only_flipped,29.0,28.0,29.0,5
21,12,same_original_matching,305.0,287.0,319.0,5
21,12,same_probe_only_flipped,300.0,286.0,308.0,5
21,13,cross_original_matching,80.0,56.0,120.0,5
21,13,cross_probe_only_flipped,29.0,28.0,29.0,5
21,13,same_original_matching,344.0,309.0,356.0,5
21,13,same_probe_only_flipped,329.0,318.0,360.0,5
21,14,cross_original_matching,192.0,118.0,259.0,5
21,14,cross_probe_only_flipped,29.0,27.0,30.0,5
21,14,same_original_matching,347.0,335.0,384.0,5
21,14,same_probe_only_flipped,358.0,347.0,372.0,5
21,15,cross_original_matching,241.0,212.0,296.0,5
21,15,cross_probe_only_flipped,28.0,27.0,31.0,5
21,15,same_original_matching,377.0,354.0,391.0,5
21,15,same_probe_only_flipped,342.0,327.0,345.0,5
21,16,cross_original_matching,302.0,278.0,341.0,5
21,16,cross_probe_only_flipped,30.0,28.0,30.0,5
21,16,same_original_matching,359.0,337.0,414.0,5
21,16,same_probe_only_flipped,346.0,328.0,353.0,5
21,17,cross_original_matching,288.0,276.0,311.0,5
21,17,cross_probe_only_flipped,31.0,28.0,33.0,5
21,17,same_original_matching,370.0,343.0,433.0,5
21,17,same_probe_only_flipped,343.0,331.0,354.0,5
21,18,cross_original_matching,296.0,285.0,336.0,5
21,18,cross_probe_only_flipped,31.0,29.0,32.0,5
21,18,same_original_matching,493.0,385.0,543.0,5
21,18,same_probe_only_flipped,330.0,329.0,351.0,5
21,19,cross_original_matching,306.0,283.0,322.0,5
21,19,cross_probe_only_flipped,32.0,31.0,34.0,5
21,19,same_original_matching,533.0,398.0,549.0,5
21,19,same_probe_only_flipped,338.0,329.0,346.0,5
21,20,cross_original_matching,295.0,279.0,316.0,5
21,20,cross_probe_only_flipped,32.0,31.0,33.0,5
21,20,same_original_matching,523.0,505.0,547.0,5
21,20,same_probe_only_flipped,338.0,333.0,363.0,5
22,0,cross_original_matching,27.0,27.0,27.0,5
22,0,cross_probe_only_flipped,27.0,27.0,29.0,5
22,0,same_original_matching,28.0,28.0,29.0,5
22,0,same_probe_only_flipped,27.0,27.0,27.0,5
22,1,cross_original_matching,27.0,27.0,28.0,5
22,1,cross_probe_only_flipped,27.0,27.0,28.0,5
22,1,same_original_matching,30.0,28.0,35.0,5
22,1,same_probe_only_flipped,28.0,27.0,28.0,5
22,2,cross_original_matching,27.0,27.0,28.0,5
22,2,cross_probe_only_flipped,27.0,27.0,27.0,5
22,2,same_original_matching,30.0,29.0,41.0,5
22,2,same_probe_only_flipped,48.0,44.0,48.0,5
22,3,cross_original_matching,27.0,27.0,29.0,5
22,3,cross_probe_only_flipped,27.0,27.0,28.0,5
22,3,same_original_matching,48.0,48.0,49.0,5
22,3,same_probe_only_flipped,55.0,53.0,58.0,5
22,4,cross_original_matching,27.0,27.0,28.0,5
22,4,cross_probe_only_flipped,27.0,27.0,29.0,5
22,4,same_original_matching,51.0,49.0,54.0,5
22,4,same_probe_only_flipped,56.0,53.0,62.0,5
22,5,cross_original_matching,27.0,27.0,28.0,5
22,5,cross_probe_only_flipped,27.0,27.0,27.0,5
22,5,same_original_matching,55.0,50.0,64.0,5
22,5,same_probe_only_flipped,62.0,51.0,68.0,5
22,6,cross_original_matching,29.0,27.0,31.0,5
22,6,cross_probe_only_flipped,27.0,27.0,29.0,5
22,6,same_original_matching,76.0,66.0,102.0,5
22,6,same_probe_only_flipped,154.0,120.0,191.0,5
22,7,cross_original_matching,33.0,28.0,37.0,5
22,7,cross_probe_only_flipped,28.0,27.0,28.0,5
22,7,same_original_matching,263.0,245.0,268.0,5
22,7,same_probe_only_flipped,249.0,237.0,263.0,5
22,8,cross_original_matching,32.0,32.0,45.0,5
22,8,cross_probe_only_flipped,28.0,27.0,30.0,5
22,8,same_original_matching,302.0,295.0,318.0,5
22,8,same_probe_only_flipped,280.0,262.0,286.0,5
22,9,cross_original_matching,42.0,33.0,71.0,5
22,9,cross_probe_only_flipped,28.0,27.0,28.0,5
22,9,same_original_matching,283.0,271.0,327.0,5
22,9,same_probe_only_flipped,286.0,281.0,300.0,5
22,10,cross_original_matching,49.0,40.0,90.0,5
22,10,cross_probe_only_flipped,28.0,27.0,29.0,5
22,10,same_original_matching,287.0,269.0,306.0,5
22,10,same_probe_only_flipped,295.0,287.0,310.0,5
22,11,cross_original_matching,51.0,33.0,103.0,5
22,11,cross_probe_only_flipped,27.0,27.0,29.0,5
22,11,same_original_matching,273.0,261.0,295.0,5
22,11,same_probe_only_flipped,292.0,277.0,306.0,5
22,12,cross_original_matching,71.0,43.0,125.0,5
22,12,cross_probe_only_flipped,28.0,28.0,30.0,5
22,12,same_original_matching,291.0,282.0,327.0,5
22,12,same_probe_only_flipped,302.0,275.0,312.0,5
22,13,cross_original_matching,72.0,48.0,110.0,5
22,13,cross_probe_only_flipped,29.0,27.0,30.0,5
22,13,same_original_matching,339.0,325.0,351.0,5
22,13,same_probe_only_flipped,313.0,308.0,335.0,5
22,14,cross_original_matching,181.0,111.0,248.0,5
22,14,cross_probe_only_flipped,29.0,28.0,30.0,5
22,14,same_original_matching,358.0,328.0,359.0,5
22,14,same_probe_only_flipped,333.0,326.0,348.0,5
22,15,cross_original_matching,233.0,216.0,263.0,5
22,15,cross_probe_only_flipped,30.0,29.0,31.0,5
22,15,same_original_matching,353.0,342.0,410.0,5
22,15,same_probe_only_flipped,343.0,342.0,349.0,5
22,16,cross_original_matching,307.0,285.0,318.0,5
22,16,cross_probe_only_flipped,29.0,29.0,30.0,5
22,16,same_original_matching,345.0,337.0,430.0,5
22,16,same_probe_only_flipped,346.0,327.0,358.0,5
22,17,cross_original_matching,298.0,277.0,308.0,5
22,17,cross_probe_only_flipped,31.0,29.0,32.0,5
22,17,same_original_matching,415.0,358.0,483.0,5
22,17,same_probe_only_flipped,352.0,339.0,365.0,5
22,18,cross_original_matching,293.0,279.0,300.0,5
22,18,cross_probe_only_flipped,31.0,30.0,33.0,5
22,18,same_original_matching,487.0,396.0,534.0,5
22,18,same_probe_only_flipped,345.0,332.0,367.0,5
22,19,cross_original_matching,311.0,293.0,329.0,5
22,19,cross_probe_only_flipped,32.0,30.0,37.0,5
22,19,same_original_matching,555.0,412.0,567.0,5
22,19,same_probe_only_flipped,346.0,327.0,362.0,5
22,20,cross_original_matching,309.0,294.0,315.0,5
22,20,cross_probe_only_flipped,33.0,31.0,33.0,5
22,20,same_original_matching,547.0,510.0,567.0,5
22,20,same_probe_only_flipped,341.0,329.0,360.0,5
23,0,cross_original_matching,27.0,27.0,28.0,5
23,0,cross_probe_only_flipped,27.0,27.0,27.0,5
23,0,same_original_matching,27.0,27.0,32.0,5
23,0,same_probe_only_flipped,27.0,27.0,28.0,5
23,1,cross_original_matching,27.0,27.0,29.0,5
23,1,cross_probe_only_flipped,27.0,27.0,27.0,5
23,1,same_original_matching,29.0,28.0,31.0,5
23,1,same_probe_only_flipped,27.0,27.0,29.0,5
23,2,cross_original_matching,27.0,27.0,27.0,5
23,2,cross_probe_only_flipped,27.0,27.0,30.0,5
23,2,same_original_matching,32.0,29.0,39.0,5
23,2,same_probe_only_flipped,46.0,45.0,46.0,5
23,3,cross_original_matching,27.0,27.0,28.0,5
23,3,cross_probe_only_flipped,27.0,27.0,27.0,5
23,3,same_original_matching,49.0,48.0,53.0,5
23,3,same_probe_only_flipped,53.0,52.0,54.0,5
23,4,cross_original_matching,28.0,27.0,29.0,5
23,4,cross_probe_only_flipped,27.0,27.0,28.0,5
23,4,same_original_matching,52.0,49.0,57.0,5
23,4,same_probe_only_flipped,54.0,52.0,70.0,5
23,5,cross_original_matching,27.0,27.0,28.0,5
23,5,cross_probe_only_flipped,27.0,27.0,27.0,5
23,5,same_original_matching,53.0,52.0,56.0,5
23,5,same_probe_only_flipped,61.0,51.0,83.0,5
23,6,cross_original_matching,28.0,28.0,31.0,5
23,6,cross_probe_only_flipped,27.0,27.0,28.0,5
23,6,same_original_matching,70.0,66.0,78.0,5
23,6,same_probe_only_flipped,140.0,125.0,148.0,5
23,7,cross_original_matching,31.0,29.0,33.0,5
23,7,cross_probe_only_flipped,27.0,27.0,27.0,5
23,7,same_original_matching,278.0,246.0,284.0,5
23,7,same_probe_only_flipped,247.0,243.0,264.0,5
23,8,cross_original_matching,36.0,29.0,54.0,5
23,8,cross_probe_only_flipped,28.0,27.0,28.0,5
23,8,same_original_matching,280.0,272.0,291.0,5
23,8,same_probe_only_flipped,285.0,281.0,286.0,5
23,9,cross_original_matching,44.0,39.0,54.0,5
23,9,cross_probe_only_flipped,28.0,27.0,29.0,5
23,9,same_original_matching,279.0,274.0,321.0,5
23,9,same_probe_only_flipped,282.0,277.0,296.0,5
23,10,cross_original_matching,61.0,34.0,74.0,5
23,10,cross_probe_only_flipped,28.0,28.0,29.0,5
23,10,same_original_matching,273.0,262.0,290.0,5
23,10,same_probe_only_flipped,283.0,270.0,301.0,5
23,11,cross_original_matching,83.0,39.0,127.0,5
23,11,cross_probe_only_flipped,28.0,27.0,30.0,5
23,11,same_original_matching,272.0,264.0,287.0,5
23,11,same_probe_only_flipped,288.0,274.0,318.0,5
23,12,cross_original_matching,83.0,47.0,93.0,5
23,12,cross_probe_only_flipped,28.0,27.0,28.0,5
23,12,same_original_matching,307.0,300.0,312.0,5
23,12,same_probe_only_flipped,290.0,281.0,314.0,5
23,13,cross_original_matching,64.0,53.0,130.0,5
23,13,cross_probe_only_flipped,29.0,28.0,29.0,5
23,13,same_original_matching,328.0,307.0,345.0,5
23,13,same_probe_only_flipped,318.0,316.0,335.0,5
23,14,cross_original_matching,165.0,130.0,245.0,5
23,14,cross_probe_only_flipped,28.0,28.0,30.0,5
23,14,same_original_matching,350.0,341.0,383.0,5
23,14,same_probe_only_flipped,328.0,308.0,346.0,5
23,15,cross_original_matching,228.0,218.0,283.0,5
23,15,cross_probe_only_flipped,29.0,27.0,31.0,5
23,15,same_original_matching,367.0,338.0,428.0,5
23,15,same_probe_only_flipped,340.0,320.0,365.0,5
23,16,cross_original_matching,291.0,286.0,320.0,5
23,16,cross_probe_only_flipped,30.0,29.0,32.0,5
23,16,same_original_matching,362.0,350.0,413.0,5
23,16,same_probe_only_flipped,334.0,323.0,365.0,5
23,17,cross_original_matching,290.0,282.0,306.0,5
23,17,cross_probe_only_flipped,32.0,31.0,32.0,5
23,17,same_original_matching,373.0,334.0,511.0,5
23,17,same_probe_only_flipped,342.0,324.0,362.0,5
23,18,cross_original_matching,279.0,275.0,310.0,5
23,18,cross_probe_only_flipped,30.0,29.0,32.0,5
23,18,same_original_matching,538.0,409.0,548.0,5
23,18,same_probe_only_flipped,347.0,328.0,366.0,5
23,19,cross_original_matching,302.0,280.0,323.0,5
23,19,cross_probe_only_flipped,32.0,31.0,33.0,5
23,19,same_original_matching,536.0,470.0,545.0,5
23,19,same_probe_only_flipped,347.0,325.0,357.0,5
23,20,cross_original_matching,291.0,281.0,292.0,5
23,20,cross_probe_only_flipped,34.0,32.0,34.0,5
23,20,same_original_matching,537.0,520.0,549.0,5
23,20,same_probe_only_flipped,345.0,329.0,370.0,5
24,0,cross_original_matching,27.0,27.0,28.0,5
24,0,cross_probe_only_flipped,27.0,27.0,28.0,5
24,0,same_original_matching,29.0,28.0,37.0,5
24,0,same_probe_only_flipped,27.0,27.0,28.0,5
24,1,cross_original_matching,27.0,27.0,28.0,5
24,1,cross_probe_only_flipped,27.0,27.0,27.0,5
24,1,same_original_matching,30.0,28.0,30.0,5
24,1,same_probe_only_flipped,27.0,27.0,29.0,5
24,2,cross_original_matching,27.0,27.0,28.0,5
24,2,cross_probe_only_flipped,27.0,27.0,27.0,5
24,2,same_original_matching,29.0,28.0,42.0,5
24,2,same_probe_only_flipped,48.0,46.0,51.0,5
24,3,cross_original_matching,27.0,27.0,27.0,5
24,3,cross_probe_only_flipped,27.0,27.0,27.0,5
24,3,same_original_matching,48.0,48.0,49.0,5
24,3,same_probe_only_flipped,54.0,53.0,54.0,5
24,4,cross_original_matching,27.0,27.0,28.0,5
24,4,cross_probe_only_flipped,27.0,27.0,28.0,5
24,4,same_original_matching,52.0,49.0,53.0,5
24,4,same_probe_only_flipped,56.0,54.0,96.0,5
24,5,cross_original_matching,27.0,27.0,28.0,5
24,5,cross_probe_only_flipped,28.0,27.0,29.0,5
24,5,same_original_matching,54.0,51.0,60.0,5
24,5,same_probe_only_flipped,60.0,51.0,69.0,5
24,6,cross_original_matching,28.0,27.0,29.0,5
24,6,cross_probe_only_flipped,27.0,27.0,28.0,5
24,6,same_original_matching,75.0,68.0,88.0,5
24,6,same_probe_only_flipped,142.0,121.0,164.0,5
24,7,cross_original_matching,31.0,27.0,37.0,5
24,7,cross_probe_only_flipped,27.0,27.0,28.0,5
24,7,same_original_matching,276.0,251.0,289.0,5
24,7,same_probe_only_flipped,265.0,240.0,275.0,5
24,8,cross_original_matching,34.0,27.0,58.0,5
24,8,cross_probe_only_flipped,28.0,27.0,28.0,5
24,8,same_original_matching,280.0,264.0,292.0,5
24,8,same_probe_only_flipped,288.0,272.0,302.0,5
24,9,cross_original_matching,44.0,33.0,59.0,5
24,9,cross_probe_only_flipped,28.0,27.0,28.0,5
24,9,same_original_matching,292.0,281.0,299.0,5
24,9,same_probe_only_flipped,286.0,274.0,301.0,5
24,10,cross_original_matching,68.0,40.0,90.0,5
24,10,cross_probe_only_flipped,28.0,27.0,28.0,5
24,10,same_original_matching,282.0,279.0,297.0,5
24,10,same_probe_only_flipped,283.0,280.0,298.0,5
24,11,cross_original_matching,61.0,37.0,105.0,5
24,11,cross_probe_only_flipped,28.0,28.0,30.0,5
24,11,same_original_matching,278.0,272.0,291.0,5
24,11,same_probe_only_flipped,279.0,269.0,296.0,5
24,12,cross_original_matching,73.0,41.0,112.0,5
24,12,cross_probe_only_flipped,28.0,28.0,29.0,5
24,12,same_original_matching,308.0,285.0,326.0,5
24,12,same_probe_only_flipped,291.0,273.0,298.0,5
24,13,cross_original_matching,67.0,56.0,125.0,5
24,13,cross_probe_only_flipped,28.0,27.0,29.0,5
24,13,same_original_matching,337.0,318.0,348.0,5
24,13,same_probe_only_flipped,323.0,318.0,344.0,5
24,14,cross_original_matching,192.0,122.0,259.0,5
24,14,cross_probe_only_flipped,29.0,28.0,29.0,5
24,14,same_original_matching,372.0,353.0,402.0,5
24,14,same_probe_only_flipped,338.0,302.0,342.0,5
24,15,cross_original_matching,252.0,222.0,290.0,5
24,15,cross_probe_only_flipped,31.0,28.0,34.0,5
24,15,same_original_matching,377.0,334.0,461.0,5
24,15,same_probe_only_flipped,362.0,341.0,435.0,5
24,16,cross_original_matching,305.0,277.0,312.0,5
24,16,cross_probe_only_flipped,29.0,29.0,31.0,5
24,16,same_original_matching,385.0,363.0,469.0,5
24,16,same_probe_only_flipped,347.0,338.0,405.0,5
24,17,cross_original_matching,294.0,287.0,312.0,5
24,17,cross_probe_only_flipped,30.0,29.0,32.0,5
24,17,same_original_matching,444.0,349.0,508.0,5
24,17,same_probe_only_flipped,382.0,338.0,438.0,5
24,18,cross_original_matching,299.0,294.0,310.0,5
24,18,cross_probe_only_flipped,31.0,31.0,32.0,5
24,18,same_original_matching,505.0,447.0,575.0,5
24,18,same_probe_only_flipped,493.0,402.0,516.0,5
24,19,cross_original_matching,304.0,291.0,318.0,5
24,19,cross_probe_only_flipped,34.0,31.0,37.0,5
24,19,same_original_matching,537.0,480.0,545.0,5
24,19,same_probe_only_flipped,526.0,483.0,565.0,5
24,20,cross_original_matching,300.0,288.0,310.0,5
24,20,cross_probe_only_flipped,33.0,32.0,33.0,5
24,20,same_original_matching,562.0,516.0,570.0,5
24,20,same_probe_only_flipped,519.0,484.0,541.0,5
