frequency_hz,method,group,ratio,gpos_vmbytes,runs,t2_max,avg_l2_inval,avg_l2_refill,avg_ll_miss_rd
1000,Baseline,Baseline,,128K,1,34.17,0.00019,0.33473,1.56253
1000,Baseline,Baseline,,256K,1,34.08,0.00021,0.34577,1.50903
1000,Baseline,Baseline,,512K,1,34.25,0.00058,0.33951,1.52857
1000,Baseline,Baseline,,1M,1,34.21,0.11869,0.34266,1.58601
1000,Baseline,Baseline,,2M,1,34.25,6.66657,0.51281,2.25007
1000,Baseline,Baseline,,4M,1,35.08,197.26943,3.08376,10.70258
1000,Baseline,Baseline,,8M,1,42.25,1806.66666,24.94707,57.1957
1000,Baseline,Baseline,,16M,1,44.63,2131.68728,29.81846,65.30481
1000,Baseline,Baseline,,32M,1,44.83,1967.18229,26.70737,58.91861
1000,Baseline,Baseline,,64M,1,45.0,1949.9719,26.44569,57.64084
1000,Baseline,Baseline,,128M,1,43.25,1943.31773,27.87116,60.94146
1000,Baseline,Baseline,,256M,1,45.38,1910.83151,29.3555,62.05216
1000,SP,Set Partition,,128K,1,35.46,0.00069,0.55612,2.54331
1000,SP,Set Partition,,256K,1,34.04,0.00058,0.55886,2.52432
1000,SP,Set Partition,,512K,1,34.29,0.00102,0.5568,2.51452
1000,SP,Set Partition,,1M,1,34.96,0.00789,0.56463,2.51107
1000,SP,Set Partition,,2M,1,34.42,1.24945,0.5972,2.55238
1000,SP,Set Partition,,4M,1,34.88,42.9308,1.51883,3.62278
1000,SP,Set Partition,,8M,1,40.79,324.72,5.79677,13.64701
1000,SP,Set Partition,,16M,1,41.46,467.29104,8.17801,16.55503
1000,SP,Set Partition,,32M,1,41.08,420.20481,7.55471,15.09647
1000,SP,Set Partition,,64M,1,40.54,407.40127,7.32071,14.53486
1000,SP,Set Partition,,128M,1,42.17,422.91085,7.75719,15.09583
1000,SP,Set Partition,,256M,1,41.79,407.57065,7.26594,14.46029
1000,TaskColoring 1/4,TaskColoring,1/4,128K,1,32.46,0.0,0.08,0.51
1000,TaskColoring 1/4,TaskColoring,1/4,256K,1,32.13,0.0,0.08,0.49
1000,TaskColoring 1/4,TaskColoring,1/4,512K,1,32.08,0.0,0.08,0.49
1000,TaskColoring 1/4,TaskColoring,1/4,1M,1,32.13,0.02,0.08,0.51
1000,TaskColoring 1/4,TaskColoring,1/4,2M,1,32.75,4.83,0.11,0.61
1000,TaskColoring 1/4,TaskColoring,1/4,4M,1,34.21,101.89,0.91,2.63
1000,TaskColoring 1/4,TaskColoring,1/4,8M,1,38.13,1645.18,23.83,48.91
1000,TaskColoring 1/4,TaskColoring,1/4,16M,1,41.63,1727.03,23.25,48.25
1000,TaskColoring 1/4,TaskColoring,1/4,32M,1,42.29,1490.22,21.28,44.25
1000,TaskColoring 1/4,TaskColoring,1/4,64M,1,41.0,1587.95,22.48,45.38
1000,TaskColoring 1/4,TaskColoring,1/4,128M,1,41.42,1524.17,22.55,45.14
1000,TaskColoring 1/4,TaskColoring,1/4,256M,1,40.67,1516.97,22.08,44.34
1000,TaskColoring 2/4,TaskColoring,2/4,128K,1,32.46,0.0,0.1,0.6
1000,TaskColoring 2/4,TaskColoring,2/4,256K,1,32.33,0.0,0.11,0.59
1000,TaskColoring 2/4,TaskColoring,2/4,512K,1,32.25,0.0,0.1,0.58
1000,TaskColoring 2/4,TaskColoring,2/4,1M,1,32.75,0.0,0.1,0.6
1000,TaskColoring 2/4,TaskColoring,2/4,2M,1,32.79,0.74,0.12,0.72
1000,TaskColoring 2/4,TaskColoring,2/4,4M,1,33.17,75.48,1.03,2.73
1000,TaskColoring 2/4,TaskColoring,2/4,8M,1,37.92,1083.99,20.15,42.76
1000,TaskColoring 2/4,TaskColoring,2/4,16M,1,42.46,1049.43,19.52,41.38
1000,TaskColoring 2/4,TaskColoring,2/4,32M,1,41.96,1000.27,18.65,40.35
1000,TaskColoring 2/4,TaskColoring,2/4,64M,1,42.46,1014.14,19.31,41.72
1000,TaskColoring 2/4,TaskColoring,2/4,128M,1,41.38,1021.61,19.87,40.93
1000,TaskColoring 2/4,TaskColoring,2/4,256M,1,42.92,1082.17,23.13,46.92
1000,TaskColoring 3/4,TaskColoring,3/4,128K,1,32.13,0.0,0.31,0.59
1000,TaskColoring 3/4,TaskColoring,3/4,256K,1,32.0,0.0,0.3,0.59
1000,TaskColoring 3/4,TaskColoring,3/4,512K,1,35.58,0.0,0.3,0.61
1000,TaskColoring 3/4,TaskColoring,3/4,1M,1,32.0,0.0,0.3,0.59
1000,TaskColoring 3/4,TaskColoring,3/4,2M,1,32.92,1.19,0.33,0.98
1000,TaskColoring 3/4,TaskColoring,3/4,4M,1,33.5,21.75,0.65,2.24
1000,TaskColoring 3/4,TaskColoring,3/4,8M,1,36.54,508.26,12.08,28.77
1000,TaskColoring 3/4,TaskColoring,3/4,16M,1,39.67,410.24,14.44,34.81
1000,TaskColoring 3/4,TaskColoring,3/4,32M,1,39.38,460.6,17.4,39.52
1000,TaskColoring 3/4,TaskColoring,3/4,64M,1,41.21,488.38,17.61,39.9
1000,TaskColoring 3/4,TaskColoring,3/4,128M,1,39.92,500.96,20.33,43.18
1000,TaskColoring 3/4,TaskColoring,3/4,256M,1,41.71,497.28,18.35,39.83
1000,C3-Partitioning 1/4,C3,1/4,128K,1,32.21,0.0,0.08,0.63
1000,C3-Partitioning 1/4,C3,1/4,256K,1,32.29,0.0,0.07,0.56
1000,C3-Partitioning 1/4,C3,1/4,512K,1,32.17,0.0,0.08,0.61
1000,C3-Partitioning 1/4,C3,1/4,1M,1,32.13,0.01,0.08,0.58
1000,C3-Partitioning 1/4,C3,1/4,2M,1,32.29,0.38,0.08,0.6
1000,C3-Partitioning 1/4,C3,1/4,4M,1,32.58,25.33,0.17,0.77
1000,C3-Partitioning 1/4,C3,1/4,8M,1,34.08,228.79,1.13,3.22
1000,C3-Partitioning 1/4,C3,1/4,16M,1,36.17,356.55,1.87,4.65
1000,C3-Partitioning 1/4,C3,1/4,32M,1,36.29,348.79,1.81,4.57
1000,C3-Partitioning 1/4,C3,1/4,64M,1,35.88,350.71,1.73,4.52
1000,C3-Partitioning 1/4,C3,1/4,128M,1,35.83,364.95,1.81,4.58
1000,C3-Partitioning 1/4,C3,1/4,256M,1,35.71,352.98,1.7,4.43
1000,C3-Partitioning 2/4,C3,2/4,128K,1,32.67,0.0,0.12,0.74
1000,C3-Partitioning 2/4,C3,2/4,256K,1,32.04,0.0,0.11,0.75
1000,C3-Partitioning 2/4,C3,2/4,512K,1,32.33,0.0,0.11,0.73
1000,C3-Partitioning 2/4,C3,2/4,1M,1,32.04,0.01,0.11,0.74
1000,C3-Partitioning 2/4,C3,2/4,2M,1,32.75,0.33,0.12,0.75
1000,C3-Partitioning 2/4,C3,2/4,4M,1,32.21,35.75,0.21,0.95
1000,C3-Partitioning 2/4,C3,2/4,8M,1,34.83,323.87,1.79,4.57
1000,C3-Partitioning 2/4,C3,2/4,16M,1,36.25,357.9,2.18,5.28
1000,C3-Partitioning 2/4,C3,2/4,32M,1,36.29,341.6,2.1,5.06
1000,C3-Partitioning 2/4,C3,2/4,64M,1,36.42,336.02,1.97,4.89
1000,C3-Partitioning 2/4,C3,2/4,128M,1,36.54,349.22,2.07,4.93
1000,C3-Partitioning 2/4,C3,2/4,256M,1,35.75,349.06,1.99,4.78
1000,C3-Partitioning 3/4,C3,3/4,128K,1,32.0,0.0,0.4,0.87
1000,C3-Partitioning 3/4,C3,3/4,256K,1,32.04,0.0,0.4,0.87
1000,C3-Partitioning 3/4,C3,3/4,512K,1,32.04,0.0,0.4,0.86
1000,C3-Partitioning 3/4,C3,3/4,1M,1,32.13,0.01,0.4,0.89
1000,C3-Partitioning 3/4,C3,3/4,2M,1,32.0,0.27,0.4,0.87
1000,C3-Partitioning 3/4,C3,3/4,4M,1,32.5,12.55,0.52,1.25
1000,C3-Partitioning 3/4,C3,3/4,8M,1,35.0,209.26,1.91,5.92
1000,C3-Partitioning 3/4,C3,3/4,16M,1,37.21,284.09,2.78,7.5
1000,C3-Partitioning 3/4,C3,3/4,32M,1,35.5,248.44,2.62,6.82
1000,C3-Partitioning 3/4,C3,3/4,64M,1,35.88,237.56,2.49,6.58
1000,C3-Partitioning 3/4,C3,3/4,128M,1,35.92,251.8,2.56,6.74
1000,C3-Partitioning 3/4,C3,3/4,256M,1,35.75,240.21,2.47,6.49
